Source,Target,Type,Id,Label,Weight,e_correlation,corr
n0,n22,Undirected,0,,0.953983,-0.953983,-1
n0,n65,Undirected,1,,0.962352,-0.962352,-1
n0,n123,Undirected,2,,0.987395,0.987395,1
n0,n181,Undirected,3,,0.962352,-0.962352,-1
n0,n192,Undirected,4,,0.953781,-0.953782,-1
n0,n362,Undirected,5,,0.953983,0.953983,1
n1,n303,Undirected,6,,0.983333,-0.983333,-1
n1,n677,Undirected,7,,0.979088,-0.979088,-1
n2,n65,Undirected,8,,0.95,-0.95,-1
n2,n163,Undirected,9,,0.966667,0.966667,1
n2,n508,Undirected,10,,0.953983,0.953983,1
n3,n118,Undirected,11,,0.978766,-0.978766,-1
n4,n57,Undirected,12,,0.966667,-0.966667,-1
n4,n184,Undirected,13,,0.962352,0.962352,1
n4,n612,Undirected,14,,0.95,0.95,1
n5,n38,Undirected,15,,0.95339,0.95339,1
n5,n69,Undirected,16,,0.949613,0.949613,1
n5,n85,Undirected,17,,0.982988,0.982988,1
n5,n162,Undirected,18,,0.95339,0.95339,1
n5,n170,Undirected,19,,0.957814,0.957814,1
n5,n277,Undirected,20,,0.95339,0.95339,1
n5,n331,Undirected,21,,0.957814,0.957814,1
n5,n342,Undirected,22,,0.974824,0.974824,1
n5,n452,Undirected,23,,0.949613,0.949613,1
n5,n462,Undirected,24,,0.953595,0.953595,1
n5,n503,Undirected,25,,0.966421,0.966421,1
n5,n528,Undirected,26,,0.949613,0.949613,1
n5,n594,Undirected,27,,0.966421,0.966421,1
n6,n464,Undirected,28,,0.957814,0.957814,1
n7,n208,Undirected,29,,0.966667,0.966667,1
n8,n103,Undirected,30,,0.962352,0.962352,1
n8,n543,Undirected,31,,0.953983,0.953983,1
n8,n551,Undirected,32,,0.987395,0.987395,1
n9,n38,Undirected,33,,0.952869,0.952869,1
n9,n69,Undirected,34,,0.978945,0.978945,1
n9,n239,Undirected,35,,0.974501,0.974501,1
n9,n254,Undirected,36,,0.96192,0.96192,1
n9,n264,Undirected,37,,0.953407,0.953407,1
n9,n277,Undirected,38,,0.978622,0.978622,1
n9,n331,Undirected,39,,0.974501,0.974501,1
n9,n402,Undirected,40,,0.978622,0.978622,1
n9,n462,Undirected,41,,0.970227,0.970227,1
n9,n496,Undirected,42,,0.974501,0.974501,1
n9,n503,Undirected,43,,0.953407,0.953407,1
n9,n541,Undirected,44,,0.953407,0.953407,1
n9,n558,Undirected,45,,0.953131,0.953131,1
n9,n594,Undirected,46,,0.978945,0.978945,1
n9,n612,Undirected,47,,0.953407,0.953407,1
n9,n620,Undirected,48,,0.973913,0.973913,1
n10,n510,Undirected,49,,0.962185,0.962185,1
n11,n455,Undirected,50,,0.970292,0.970292,1
n11,n597,Undirected,51,,0.97072,0.97072,1
n11,n641,Undirected,52,,0.953983,0.953983,1
n12,n114,Undirected,53,,0.97072,0.97072,1
n12,n154,Undirected,54,,0.966667,0.966667,1
n12,n228,Undirected,55,,0.979088,0.979088,1
n12,n617,Undirected,56,,0.95,-0.95,-1
n13,n123,Undirected,57,,0.948857,0.948857,1
n13,n126,Undirected,58,,0.961453,0.961453,1
n13,n192,Undirected,59,,0.948857,-0.948857,-1
n13,n224,Undirected,60,,0.948857,0.948857,1
n13,n604,Undirected,61,,0.978945,0.978945,1
n13,n668,Undirected,62,,0.957161,0.957161,1
n14,n257,Undirected,63,,0.979088,0.979088,1
n14,n576,Undirected,64,,0.966421,-0.966421,-1
n15,n236,Undirected,65,,0.966667,0.966667,1
n16,n479,Undirected,66,,0.949289,-0.949289,-1
n17,n181,Undirected,67,,0.95,-0.95,-1
n17,n230,Undirected,68,,0.953983,0.953983,1
n17,n369,Undirected,69,,0.95,0.95,1
n17,n470,Undirected,70,,0.953983,-0.953983,-1
n17,n658,Undirected,71,,0.966667,-0.966667,-1
n18,n477,Undirected,72,,0.965802,-0.965802,-1
n19,n223,Undirected,73,,0.962034,-0.962034,-1
n20,n344,Undirected,74,,0.965517,0.965517,1
n20,n455,Undirected,75,,0.965517,0.965517,1
n21,n438,Undirected,76,,0.979088,-0.979088,-1
n21,n551,Undirected,77,,0.953983,-0.953983,-1
n22,n123,Undirected,78,,0.979088,-0.979088,-1
n22,n192,Undirected,79,,0.962352,0.962352,1
n22,n362,Undirected,80,,1,-1,-1
n23,n215,Undirected,81,,0.953065,0.953065,1
n23,n472,Undirected,82,,0.9557,0.9557,1
n23,n552,Undirected,83,,0.957061,0.957061,1
n23,n573,Undirected,84,,0.957061,0.957061,1
n23,n644,Undirected,85,,0.952291,0.952291,1
n24,n38,Undirected,86,,0.958017,0.958017,1
n24,n55,Undirected,87,,0.983192,0.983192,1
n24,n69,Undirected,88,,0.95,0.95,1
n24,n102,Undirected,89,,0.953983,0.953983,1
n24,n120,Undirected,90,,0.983333,0.983333,1
n24,n226,Undirected,91,,0.962352,-0.962352,-1
n24,n239,Undirected,92,,0.962352,0.962352,1
n24,n248,Undirected,93,,0.95,0.95,1
n24,n254,Undirected,94,,0.95,0.95,1
n24,n259,Undirected,95,,0.979088,0.979088,1
n24,n264,Undirected,96,,0.966667,0.966667,1
n24,n271,Undirected,97,,0.953983,0.953983,1
n24,n277,Undirected,98,,0.974824,0.974824,1
n24,n306,Undirected,99,,0.95,0.95,1
n24,n331,Undirected,100,,0.979088,0.979088,1
n24,n357,Undirected,101,,0.95,0.95,1
n24,n371,Undirected,102,,0.95,0.95,1
n24,n402,Undirected,103,,0.958017,0.958017,1
n24,n430,Undirected,104,,0.983333,0.983333,1
n24,n449,Undirected,105,,0.966667,-0.966667,-1
n24,n450,Undirected,106,,0.979088,0.979088,1
n24,n490,Undirected,107,,0.97072,0.97072,1
n24,n503,Undirected,108,,0.966667,0.966667,1
n24,n541,Undirected,109,,0.966667,0.966667,1
n24,n560,Undirected,110,,1,1,1
n24,n593,Undirected,111,,0.983333,0.983333,1
n24,n594,Undirected,112,,0.983333,0.983333,1
n24,n613,Undirected,113,,0.95,0.95,1
n24,n634,Undirected,114,,0.983333,0.983333,1
n24,n638,Undirected,115,,0.983333,0.983333,1
n25,n81,Undirected,116,,0.957814,0.957814,1
n25,n486,Undirected,117,,0.983051,0.983051,1
n25,n581,Undirected,118,,0.949613,-0.949613,-1
n26,n74,Undirected,119,,0.974824,-0.974824,-1
n26,n172,Undirected,120,,0.966253,-0.966253,-1
n26,n205,Undirected,121,,0.948753,-0.948753,-1
n26,n300,Undirected,122,,0.974824,0.974824,1
n26,n323,Undirected,123,,0.974824,0.974824,1
n26,n411,Undirected,124,,0.958017,0.958017,1
n26,n581,Undirected,125,,0.958017,-0.958017,-1
n26,n587,Undirected,126,,0.958017,0.958017,1
n27,n252,Undirected,127,,0.966667,0.966667,1
n27,n388,Undirected,128,,0.949613,-0.949613,-1
n27,n422,Undirected,129,,0.96192,0.96192,1
n27,n473,Undirected,130,,0.974824,0.974824,1
n27,n529,Undirected,131,,0.979088,0.979088,1
n28,n386,Undirected,132,,0.962352,0.962352,1
n28,n414,Undirected,133,,0.979088,-0.979088,-1
n28,n469,Undirected,134,,0.983333,0.983333,1
n29,n194,Undirected,135,,0.95,0.95,1
n30,n157,Undirected,136,,0.987243,-0.987243,-1
n30,n467,Undirected,137,,0.956932,0.956932,1
n31,n56,Undirected,138,,0.953781,0.953782,1
n31,n327,Undirected,139,,0.953781,-0.953782,-1
n32,n401,Undirected,140,,0.970142,-0.970143,-1
n33,n187,Undirected,141,,0.962352,-0.962352,-1
n34,n489,Undirected,142,,0.962352,0.962352,1
n34,n647,Undirected,143,,0.966387,0.966387,1
n35,n389,Undirected,144,,0.949613,-0.949613,-1
n35,n553,Undirected,145,,0.949153,-0.949153,-1
n35,n621,Undirected,146,,0.995789,-0.995789,-1
n36,n370,Undirected,147,,0.978912,0.978912,1
n36,n419,Undirected,148,,0.978803,0.978803,1
n36,n558,Undirected,149,,0.94958,0.94958,1
n36,n632,Undirected,150,,0.97479,-0.97479,-1
n37,n94,Undirected,151,,0.949153,-0.949153,-1
n37,n615,Undirected,152,,0.974576,-0.974576,-1
n38,n69,Undirected,153,,0.949613,0.949613,1
n38,n136,Undirected,154,,0.949376,0.949376,1
n38,n170,Undirected,155,,0.957814,0.957814,1
n38,n254,Undirected,156,,0.974824,0.974824,1
n38,n259,Undirected,157,,0.970473,0.970473,1
n38,n264,Undirected,158,,0.949613,0.949613,1
n38,n277,Undirected,159,,0.983051,0.983051,1
n38,n306,Undirected,160,,0.974824,0.974824,1
n38,n331,Undirected,161,,0.978912,0.978912,1
n38,n390,Undirected,162,,0.957814,0.957814,1
n38,n402,Undirected,163,,0.966102,0.966102,1
n38,n430,Undirected,164,,0.958017,0.958017,1
n38,n462,Undirected,165,,0.962034,0.962034,1
n38,n503,Undirected,166,,0.991632,0.991632,1
n38,n541,Undirected,167,,0.949613,0.949613,1
n38,n560,Undirected,168,,0.958017,0.958017,1
n38,n593,Undirected,169,,0.974824,0.974824,1
n38,n594,Undirected,170,,0.974824,0.974824,1
n38,n613,Undirected,171,,0.974824,0.974824,1
n38,n638,Undirected,172,,0.974824,0.974824,1
n38,n652,Undirected,173,,0.949613,0.949613,1
n38,n653,Undirected,174,,0.949613,0.949613,1
n39,n531,Undirected,175,,0.953983,0.953983,1
n39,n590,Undirected,176,,0.953983,-0.953983,-1
n40,n584,Undirected,177,,0.949153,0.949153,1
n41,n262,Undirected,178,,0.953983,0.953983,1
n42,n368,Undirected,179,,0.961243,-0.961243,-1
n43,n619,Undirected,180,,0.966387,-0.966387,-1
n44,n179,Undirected,181,,0.948753,-0.948753,-1
n44,n296,Undirected,182,,0.957814,0.957814,1
n45,n206,Undirected,183,,0.96192,0.96192,1
n46,n71,Undirected,184,,0.966421,0.966421,1
n46,n99,Undirected,185,,0.962034,0.962034,1
n47,n354,Undirected,186,,0.95,-0.95,-1
n48,n334,Undirected,187,,0.983333,0.983333,1
n49,n256,Undirected,188,,0.957662,-0.957662,-1
n50,n646,Undirected,189,,0.949289,0.949289,1
n51,n535,Undirected,190,,0.949613,0.949613,1
n51,n651,Undirected,191,,0.95,0.95,1
n52,n130,Undirected,192,,0.979088,-0.979088,-1
n52,n317,Undirected,193,,0.953269,0.953269,1
n52,n398,Undirected,194,,0.966387,0.966387,1
n52,n552,Undirected,195,,0.966387,-0.966387,-1
n52,n591,Undirected,196,,0.979088,-0.979088,-1
n52,n602,Undirected,197,,0.957662,-0.957662,-1
n52,n644,Undirected,198,,0.957814,-0.957814,-1
n53,n269,Undirected,199,,0.95,-0.95,-1
n54,n636,Undirected,200,,0.978945,0.978945,1
n55,n101,Undirected,201,,0.978803,-0.978803,-1
n55,n102,Undirected,202,,0.953269,0.953269,1
n55,n120,Undirected,203,,0.96624,0.96624,1
n55,n226,Undirected,204,,0.96178,-0.961781,-1
n55,n239,Undirected,205,,0.953269,0.953269,1
n55,n259,Undirected,206,,0.953269,0.953269,1
n55,n264,Undirected,207,,0.96624,0.96624,1
n55,n271,Undirected,208,,0.953269,0.953269,1
n55,n277,Undirected,209,,0.948753,0.948753,1
n55,n331,Undirected,210,,0.953269,0.953269,1
n55,n430,Undirected,211,,0.949289,0.949289,1
n55,n449,Undirected,212,,0.96624,-0.96624,-1
n55,n450,Undirected,213,,0.978803,0.978803,1
n55,n541,Undirected,214,,0.96624,0.96624,1
n55,n560,Undirected,215,,0.983192,0.983192,1
n55,n593,Undirected,216,,0.949289,0.949289,1
n55,n594,Undirected,217,,0.96624,0.96624,1
n55,n634,Undirected,218,,0.983192,0.983192,1
n55,n638,Undirected,219,,0.949289,0.949289,1
n56,n250,Undirected,220,,0.966253,-0.966253,-1
n57,n184,Undirected,221,,0.979088,-0.979088,-1
n57,n200,Undirected,222,,0.97072,-0.97072,-1
n57,n224,Undirected,223,,0.97072,-0.97072,-1
n57,n251,Undirected,224,,0.95,0.95,1
n57,n281,Undirected,225,,0.95,-0.95,-1
n57,n386,Undirected,226,,0.979088,0.979088,1
n57,n520,Undirected,227,,0.96192,-0.96192,-1
n57,n539,Undirected,228,,0.95,0.95,1
n58,n305,Undirected,229,,0.953781,0.953782,1
n58,n392,Undirected,230,,0.970588,-0.970588,-1
n58,n501,Undirected,231,,0.983131,-0.983131,-1
n59,n209,Undirected,232,,0.966253,-0.966253,-1
n60,n140,Undirected,233,,0.966387,0.966387,1
n60,n283,Undirected,234,,0.991597,-0.991597,-1
n60,n372,Undirected,235,,0.974611,0.974611,1
n61,n329,Undirected,236,,0.953983,-0.953983,-1
n62,n107,Undirected,237,,0.987351,0.987351,1
n62,n131,Undirected,238,,0.966387,0.966387,1
n62,n167,Undirected,239,,0.96178,0.961781,1
n62,n226,Undirected,240,,0.94958,-0.94958,-1
n62,n241,Undirected,241,,0.966387,0.966387,1
n62,n259,Undirected,242,,0.966387,0.966387,1
n62,n305,Undirected,243,,0.94958,-0.94958,-1
n62,n392,Undirected,244,,0.97479,0.97479,1
n62,n449,Undirected,245,,0.953983,-0.953983,-1
n62,n609,Undirected,246,,0.949187,0.949187,1
n62,n657,Undirected,247,,0.979088,0.979088,1
n63,n444,Undirected,248,,0.966387,0.966387,1
n64,n147,Undirected,249,,0.979088,0.979088,1
n65,n103,Undirected,250,,0.95,-0.95,-1
n65,n163,Undirected,251,,0.983333,-0.983333,-1
n66,n456,Undirected,252,,0.962352,-0.962352,-1
n67,n139,Undirected,253,,0.953983,-0.953983,-1
n68,n76,Undirected,254,,0.966421,-0.966421,-1
n69,n102,Undirected,255,,0.953983,0.953983,1
n69,n239,Undirected,256,,0.962352,0.962352,1
n69,n264,Undirected,257,,0.966667,0.966667,1
n69,n271,Undirected,258,,0.953983,0.953983,1
n69,n277,Undirected,259,,0.966421,0.966421,1
n69,n331,Undirected,260,,0.979088,0.979088,1
n69,n377,Undirected,261,,0.966667,0.966667,1
n69,n450,Undirected,262,,0.953983,0.953983,1
n69,n462,Undirected,263,,0.995825,0.995825,1
n69,n496,Undirected,264,,0.979088,0.979088,1
n69,n503,Undirected,265,,0.966667,0.966667,1
n69,n528,Undirected,266,,0.95,0.95,1
n69,n541,Undirected,267,,0.966667,0.966667,1
n69,n560,Undirected,268,,0.95,0.95,1
n69,n594,Undirected,269,,0.983333,0.983333,1
n69,n604,Undirected,270,,0.95,0.95,1
n69,n612,Undirected,271,,0.966667,0.966667,1
n70,n637,Undirected,272,,0.95,0.95,1
n71,n274,Undirected,273,,0.96192,0.96192,1
n72,n251,Undirected,274,,0.966667,0.966667,1
n72,n329,Undirected,275,,0.966667,0.966667,1
n72,n505,Undirected,276,,0.966421,-0.966421,-1
n72,n597,Undirected,277,,0.95,-0.95,-1
n72,n622,Undirected,278,,0.983333,0.983333,1
n72,n641,Undirected,279,,0.95,-0.95,-1
n73,n122,Undirected,280,,0.953407,-0.953407,-1
n74,n205,Undirected,281,,0.949289,0.949289,1
n74,n323,Undirected,282,,0.966667,-0.966667,-1
n74,n587,Undirected,283,,0.983333,-0.983333,-1
n75,n88,Undirected,284,,0.961595,-0.961595,-1
n77,n185,Undirected,285,,0.974824,0.974824,1
n78,n210,Undirected,286,,0.94958,-0.94958,-1
n78,n313,Undirected,287,,0.953983,-0.953983,-1
n78,n684,Undirected,288,,0.97479,-0.97479,-1
n79,n461,Undirected,289,,0.95339,0.95339,1
n79,n651,Undirected,290,,0.949613,0.949613,1
n80,n275,Undirected,291,,0.991561,-0.991561,-1
n81,n439,Undirected,292,,0.995789,0.995789,1
n82,n640,Undirected,293,,0.953269,0.953269,1
n83,n219,Undirected,294,,0.94958,0.94958,1
n83,n443,Undirected,295,,0.953983,-0.953983,-1
n84,n113,Undirected,296,,0.962034,0.962034,1
n84,n371,Undirected,297,,0.962352,0.962352,1
n84,n440,Undirected,298,,0.979088,0.979088,1
n84,n490,Undirected,299,,0.94958,0.94958,1
n84,n577,Undirected,300,,0.966387,0.966387,1
n84,n665,Undirected,301,,0.983131,0.983131,1
n85,n170,Undirected,302,,0.953424,0.953424,1
n85,n172,Undirected,303,,0.953424,-0.953424,-1
n85,n462,Undirected,304,,0.953424,0.953424,1
n85,n503,Undirected,305,,0.962102,0.962102,1
n85,n528,Undirected,306,,0.953663,0.953663,1
n85,n529,Undirected,307,,0.953424,0.953424,1
n86,n305,Undirected,308,,0.94958,-0.94958,-1
n87,n227,Undirected,309,,0.94958,-0.94958,-1
n87,n306,Undirected,310,,0.953983,0.953983,1
n87,n357,Undirected,311,,0.979088,0.979088,1
n87,n430,Undirected,312,,0.962352,0.962352,1
n87,n440,Undirected,313,,0.962352,0.962352,1
n87,n476,Undirected,314,,0.970473,0.970473,1
n87,n554,Undirected,315,,0.962352,-0.962352,-1
n87,n613,Undirected,316,,0.953983,0.953983,1
n89,n142,Undirected,317,,0.995825,0.995825,1
n90,n95,Undirected,318,,0.962034,-0.962034,-1
n90,n566,Undirected,319,,0.94958,-0.94958,-1
n91,n146,Undirected,320,,0.949289,-0.949289,-1
n91,n170,Undirected,321,,0.953983,0.953983,1
n91,n254,Undirected,322,,0.95,0.95,1
n91,n357,Undirected,323,,0.95,0.95,1
n91,n542,Undirected,324,,0.953983,0.953983,1
n91,n610,Undirected,325,,0.966667,-0.966667,-1
n91,n652,Undirected,326,,0.966667,0.966667,1
n91,n653,Undirected,327,,0.983333,0.983333,1
n92,n206,Undirected,328,,0.949613,-0.949613,-1
n93,n276,Undirected,329,,0.974576,0.974576,1
n94,n615,Undirected,330,,0.983051,0.983051,1
n95,n193,Undirected,331,,0.970473,-0.970473,-1
n96,n195,Undirected,332,,0.952869,0.952869,1
n97,n343,Undirected,333,,0.966667,0.966667,1
n97,n674,Undirected,334,,0.958017,-0.958017,-1
n98,n294,Undirected,335,,0.966667,0.966667,1
n98,n328,Undirected,336,,0.970542,0.970542,1
n98,n623,Undirected,337,,0.96192,-0.96192,-1
n98,n624,Undirected,338,,0.953983,0.953983,1
n100,n202,Undirected,339,,0.962352,0.962352,1
n100,n616,Undirected,340,,0.95,0.95,1
n101,n102,Undirected,341,,0.97479,-0.97479,-1
n101,n226,Undirected,342,,0.953781,0.953782,1
n101,n264,Undirected,343,,0.979088,-0.979088,-1
n101,n269,Undirected,344,,0.97072,-0.97072,-1
n101,n271,Undirected,345,,0.97479,-0.97479,-1
n101,n449,Undirected,346,,0.962352,0.962352,1
n101,n450,Undirected,347,,0.983193,-0.983193,-1
n101,n504,Undirected,348,,0.970292,0.970292,1
n101,n541,Undirected,349,,0.979088,-0.979088,-1
n101,n634,Undirected,350,,0.979088,-0.979088,-1
n102,n136,Undirected,351,,0.966387,0.966387,1
n102,n155,Undirected,352,,0.962352,0.962352,1
n102,n264,Undirected,353,,0.995825,0.995825,1
n102,n269,Undirected,354,,0.953983,0.953983,1
n102,n271,Undirected,355,,1,1,1
n102,n277,Undirected,356,,0.957814,0.957814,1
n102,n331,Undirected,357,,0.962185,0.962185,1
n102,n449,Undirected,358,,0.962352,-0.962352,-1
n102,n450,Undirected,359,,0.991597,0.991597,1
n102,n462,Undirected,360,,0.94958,0.94958,1
n102,n503,Undirected,361,,0.953983,0.953983,1
n102,n504,Undirected,362,,0.96178,-0.961781,-1
n102,n541,Undirected,363,,0.995825,0.995825,1
n102,n560,Undirected,364,,0.953983,0.953983,1
n102,n566,Undirected,365,,0.966387,0.966387,1
n102,n594,Undirected,366,,0.97072,0.97072,1
n102,n634,Undirected,367,,0.979088,0.979088,1
n103,n163,Undirected,368,,0.966667,0.966667,1
n103,n232,Undirected,369,,0.966667,0.966667,1
n103,n371,Undirected,370,,0.95,0.95,1
n104,n244,Undirected,371,,0.966667,0.966667,1
n104,n389,Undirected,372,,0.983333,0.983333,1
n105,n125,Undirected,373,,0.965953,0.965953,1
n105,n632,Undirected,374,,0.962185,0.962185,1
n106,n348,Undirected,375,,0.953983,-0.953983,-1
n107,n131,Undirected,376,,0.966253,0.966253,1
n107,n167,Undirected,377,,0.948753,0.948753,1
n107,n226,Undirected,378,,0.970473,-0.970473,-1
n107,n259,Undirected,379,,0.978912,0.978912,1
n107,n306,Undirected,380,,0.949613,0.949613,1
n107,n449,Undirected,381,,0.974824,-0.974824,-1
n107,n613,Undirected,382,,0.949613,0.949613,1
n107,n657,Undirected,383,,0.991632,0.991632,1
n108,n201,Undirected,384,,0.966253,0.966253,1
n108,n639,Undirected,385,,0.949376,0.949376,1
n109,n117,Undirected,386,,0.961538,-0.961538,-1
n110,n322,Undirected,387,,0.953983,-0.953983,-1
n110,n563,Undirected,388,,0.962352,0.962352,1
n111,n493,Undirected,389,,0.949014,-0.949014,-1
n111,n499,Undirected,390,,0.948857,-0.948857,-1
n112,n626,Undirected,391,,0.978622,0.978622,1
n113,n165,Undirected,392,,0.987351,-0.987351,-1
n114,n228,Undirected,393,,0.94958,0.94958,1
n114,n321,Undirected,394,,0.970588,0.970588,1
n114,n377,Undirected,395,,0.953983,0.953983,1
n115,n309,Undirected,396,,0.949376,-0.949376,-1
n116,n158,Undirected,397,,0.966421,0.966421,1
n116,n281,Undirected,398,,0.966667,0.966667,1
n116,n325,Undirected,399,,1,1,1
n116,n363,Undirected,400,,0.95,0.95,1
n116,n471,Undirected,401,,0.95,0.95,1
n119,n379,Undirected,402,,0.974174,0.974174,1
n119,n544,Undirected,403,,0.949187,-0.949187,-1
n120,n226,Undirected,404,,0.962352,-0.962352,-1
n120,n248,Undirected,405,,0.966667,0.966667,1
n120,n259,Undirected,406,,0.962352,0.962352,1
n120,n371,Undirected,407,,0.983333,0.983333,1
n120,n430,Undirected,408,,0.95,0.95,1
n120,n449,Undirected,409,,0.95,-0.95,-1
n120,n450,Undirected,410,,0.953983,0.953983,1
n120,n490,Undirected,411,,0.995825,0.995825,1
n120,n560,Undirected,412,,0.983333,0.983333,1
n120,n593,Undirected,413,,0.966667,0.966667,1
n120,n594,Undirected,414,,0.95,0.95,1
n120,n634,Undirected,415,,0.966667,0.966667,1
n120,n638,Undirected,416,,0.966667,0.966667,1
n121,n219,Undirected,417,,0.97072,0.97072,1
n122,n405,Undirected,418,,0.983333,0.983333,1
n123,n181,Undirected,419,,0.962352,-0.962352,-1
n123,n192,Undirected,420,,0.957983,-0.957983,-1
n123,n362,Undirected,421,,0.979088,0.979088,1
n124,n145,Undirected,422,,0.953983,0.953983,1
n124,n381,Undirected,423,,0.96624,0.96624,1
n125,n654,Undirected,424,,0.952869,0.952869,1
n126,n224,Undirected,425,,0.957814,0.957814,1
n126,n308,Undirected,426,,0.978912,0.978912,1
n126,n604,Undirected,427,,0.958017,0.958017,1
n126,n661,Undirected,428,,0.956847,0.956847,1
n127,n255,Undirected,429,,0.966667,0.966667,1
n128,n154,Undirected,430,,0.966667,0.966667,1
n128,n323,Undirected,431,,0.95,0.95,1
n129,n369,Undirected,432,,0.983333,-0.983333,-1
n130,n215,Undirected,433,,0.95,0.95,1
n130,n317,Undirected,434,,0.96624,-0.96624,-1
n130,n398,Undirected,435,,0.962352,-0.962352,-1
n130,n552,Undirected,436,,0.953983,0.953983,1
n130,n591,Undirected,437,,1,1,1
n130,n644,Undirected,438,,0.974824,0.974824,1
n132,n152,Undirected,439,,0.962352,-0.962352,-1
n132,n167,Undirected,440,,0.949289,-0.949289,-1
n132,n284,Undirected,441,,0.95,-0.95,-1
n132,n392,Undirected,442,,0.979088,-0.979088,-1
n132,n434,Undirected,443,,0.95,-0.95,-1
n132,n447,Undirected,444,,0.966667,0.966667,1
n133,n204,Undirected,445,,0.957405,-0.957405,-1
n133,n459,Undirected,446,,0.96192,0.96192,1
n134,n529,Undirected,447,,0.953595,-0.953595,-1
n135,n399,Undirected,448,,0.97479,0.97479,1
n136,n155,Undirected,449,,0.962352,0.962352,1
n136,n264,Undirected,450,,0.97072,0.97072,1
n136,n271,Undirected,451,,0.966387,0.966387,1
n136,n450,Undirected,452,,0.966387,0.966387,1
n136,n503,Undirected,453,,0.97072,0.97072,1
n136,n528,Undirected,454,,0.962352,0.962352,1
n136,n541,Undirected,455,,0.97072,0.97072,1
n136,n566,Undirected,456,,0.983193,0.983193,1
n136,n593,Undirected,457,,0.953983,0.953983,1
n136,n634,Undirected,458,,0.953983,0.953983,1
n136,n638,Undirected,459,,0.953983,0.953983,1
n137,n243,Undirected,460,,0.953595,0.953595,1
n138,n446,Undirected,461,,0.979088,0.979088,1
n140,n512,Undirected,462,,0.953983,-0.953983,-1
n141,n617,Undirected,463,,0.983333,0.983333,1
n142,n605,Undirected,464,,0.949613,-0.949613,-1
n143,n380,Undirected,465,,0.953269,-0.953269,-1
n144,n607,Undirected,466,,0.978803,0.978803,1
n145,n458,Undirected,467,,0.953983,0.953983,1
n146,n326,Undirected,468,,0.95239,-0.95239,-1
n146,n390,Undirected,469,,0.987315,-0.987314,-1
n146,n542,Undirected,470,,0.970292,-0.970292,-1
n147,n540,Undirected,471,,0.953269,0.953269,1
n148,n574,Undirected,472,,0.966253,-0.966253,-1
n149,n242,Undirected,473,,0.95,0.95,1
n149,n422,Undirected,474,,0.96192,-0.96192,-1
n150,n316,Undirected,475,,0.962034,0.962034,1
n151,n345,Undirected,476,,0.978814,-0.978814,-1
n151,n421,Undirected,477,,0.962034,-0.962034,-1
n151,n636,Undirected,478,,0.961453,-0.961453,-1
n152,n447,Undirected,479,,0.979088,-0.979088,-1
n152,n536,Undirected,480,,0.965953,-0.965953,-1
n153,n445,Undirected,481,,0.949289,0.949289,1
n153,n578,Undirected,482,,0.95,0.95,1
n154,n228,Undirected,483,,0.962352,0.962352,1
n155,n182,Undirected,484,,0.95758,0.95758,1
n155,n264,Undirected,485,,0.95,0.95,1
n155,n271,Undirected,486,,0.962352,0.962352,1
n155,n528,Undirected,487,,0.95,0.95,1
n155,n541,Undirected,488,,0.95,0.95,1
n155,n566,Undirected,489,,0.979088,0.979088,1
n155,n672,Undirected,490,,0.966667,-0.966667,-1
n156,n209,Undirected,491,,0.983131,-0.983131,-1
n156,n454,Undirected,492,,0.966387,0.966387,1
n156,n495,Undirected,493,,0.97479,0.97479,1
n157,n467,Undirected,494,,0.961453,-0.961453,-1
n158,n184,Undirected,495,,0.962034,0.962034,1
n158,n281,Undirected,496,,0.974824,0.974824,1
n158,n325,Undirected,497,,0.966421,0.966421,1
n158,n361,Undirected,498,,0.958017,0.958017,1
n158,n442,Undirected,499,,0.962034,0.962034,1
n159,n562,Undirected,500,,0.966421,0.966421,1
n160,n513,Undirected,501,,0.987315,0.987314,1
n160,n569,Undirected,502,,0.953269,0.953269,1
n161,n246,Undirected,503,,0.974679,0.974679,1
n162,n452,Undirected,504,,0.991632,0.991632,1
n162,n481,Undirected,505,,0.949153,0.949153,1
n162,n556,Undirected,506,,0.987351,0.987351,1
n164,n487,Undirected,507,,0.978849,-0.978849,-1
n166,n456,Undirected,508,,0.978945,0.978945,1
n166,n687,Undirected,509,,0.978622,-0.978622,-1
n167,n259,Undirected,510,,0.953269,0.953269,1
n167,n306,Undirected,511,,0.96624,0.96624,1
n167,n392,Undirected,512,,0.970292,0.970292,1
n167,n468,Undirected,513,,0.96624,0.96624,1
n167,n502,Undirected,514,,0.991342,0.991342,1
n167,n526,Undirected,515,,0.949289,0.949289,1
n167,n613,Undirected,516,,0.96624,0.96624,1
n167,n657,Undirected,517,,0.96624,0.96624,1
n168,n555,Undirected,518,,0.978945,-0.978945,-1
n169,n557,Undirected,519,,0.962352,0.962352,1
n170,n616,Undirected,520,,0.962352,0.962352,1
n170,n652,Undirected,521,,0.962352,0.962352,1
n170,n653,Undirected,522,,0.979088,0.979088,1
n171,n294,Undirected,523,,0.962102,-0.962102,-1
n171,n328,Undirected,524,,0.957265,-0.957265,-1
n171,n447,Undirected,525,,0.962102,-0.962102,-1
n172,n300,Undirected,526,,0.953983,-0.953983,-1
n172,n411,Undirected,527,,0.953983,-0.953983,-1
n172,n587,Undirected,528,,0.953983,-0.953983,-1
n173,n382,Undirected,529,,0.957662,-0.957662,-1
n174,n559,Undirected,530,,0.957627,0.957627,1
n175,n279,Undirected,531,,0.97479,0.97479,1
n176,n429,Undirected,532,,0.978912,0.978912,1
n177,n567,Undirected,533,,0.979088,0.979088,1
n178,n372,Undirected,534,,0.953424,0.953424,1
n179,n296,Undirected,535,,0.96178,-0.961781,-1
n179,n302,Undirected,536,,0.948753,0.948753,1
n180,n478,Undirected,537,,0.962352,0.962352,1
n181,n192,Undirected,538,,0.953983,0.953983,1
n181,n248,Undirected,539,,0.95,-0.95,-1
n181,n369,Undirected,540,,0.95,-0.95,-1
n182,n672,Undirected,541,,0.974679,-0.974679,-1
n183,n420,Undirected,542,,0.970588,-0.970588,-1
n184,n281,Undirected,543,,0.979088,0.979088,1
n184,n520,Undirected,544,,0.948857,0.948857,1
n184,n623,Undirected,545,,0.957405,0.957405,1
n186,n576,Undirected,546,,0.952869,0.952869,1
n186,n645,Undirected,547,,0.965953,0.965953,1
n187,n290,Undirected,548,,0.949613,-0.949613,-1
n188,n546,Undirected,549,,0.953269,-0.953269,-1
n189,n625,Undirected,550,,0.94958,0.94958,1
n190,n376,Undirected,551,,0.966253,-0.966253,-1
n191,n404,Undirected,552,,0.953983,-0.953983,-1
n192,n362,Undirected,553,,0.962352,-0.962352,-1
n195,n279,Undirected,554,,0.949376,-0.949376,-1
n195,n350,Undirected,555,,0.974824,0.974824,1
n195,n583,Undirected,556,,0.948753,-0.948753,-1
n196,n575,Undirected,557,,0.965847,-0.965847,-1
n197,n341,Undirected,558,,0.953269,0.953269,1
n198,n240,Undirected,559,,0.957627,-0.957627,-1
n199,n222,Undirected,560,,0.965953,-0.965953,-1
n199,n339,Undirected,561,,0.978945,0.978945,1
n199,n667,Undirected,562,,0.99568,-0.99568,-1
n200,n231,Undirected,563,,0.94958,-0.94958,-1
n200,n386,Undirected,564,,0.970588,-0.970588,-1
n200,n520,Undirected,565,,0.965953,0.965953,1
n200,n539,Undirected,566,,0.962352,-0.962352,-1
n200,n624,Undirected,567,,0.957983,-0.957983,-1
n202,n410,Undirected,568,,0.953983,0.953983,1
n203,n654,Undirected,569,,0.966421,-0.966421,-1
n204,n459,Undirected,570,,0.962352,-0.962352,-1
n205,n300,Undirected,571,,0.96624,-0.96624,-1
n205,n670,Undirected,572,,0.970292,0.970292,1
n207,n334,Undirected,573,,0.95,0.95,1
n207,n516,Undirected,574,,0.966667,0.966667,1
n208,n587,Undirected,575,,0.95,0.95,1
n208,n676,Undirected,576,,0.95,0.95,1
n209,n495,Undirected,577,,0.962034,-0.962034,-1
n210,n442,Undirected,578,,0.966387,-0.966387,-1
n211,n336,Undirected,579,,0.995825,-0.995825,-1
n211,n406,Undirected,580,,0.979088,0.979088,1
n211,n554,Undirected,581,,0.979088,-0.979088,-1
n211,n634,Undirected,582,,0.953983,0.953983,1
n211,n666,Undirected,583,,0.970588,0.970588,1
n212,n376,Undirected,584,,0.94958,0.94958,1
n213,n225,Undirected,585,,0.961899,0.961899,1
n213,n428,Undirected,586,,0.952991,0.952991,1
n214,n457,Undirected,587,,0.953131,-0.953131,-1
n215,n472,Undirected,588,,0.96192,0.96192,1
n215,n591,Undirected,589,,0.95,0.95,1
n215,n644,Undirected,590,,0.974824,0.974824,1
n216,n375,Undirected,591,,0.978622,0.978622,1
n217,n403,Undirected,592,,0.965847,0.965847,1
n218,n439,Undirected,593,,0.95339,-0.95339,-1
n219,n230,Undirected,594,,0.94958,-0.94958,-1
n220,n469,Undirected,595,,0.95,-0.95,-1
n220,n500,Undirected,596,,0.987421,-0.987421,-1
n221,n663,Undirected,597,,0.96624,-0.96624,-1
n222,n602,Undirected,598,,0.978849,0.978849,1
n222,n641,Undirected,599,,0.962352,-0.962352,-1
n222,n667,Undirected,600,,0.970292,0.970292,1
n224,n386,Undirected,601,,0.94958,-0.94958,-1
n224,n539,Undirected,602,,0.962352,-0.962352,-1
n224,n612,Undirected,603,,0.953983,0.953983,1
n225,n428,Undirected,604,,0.949187,0.949187,1
n226,n259,Undirected,605,,0.97479,-0.97479,-1
n226,n264,Undirected,606,,0.953983,-0.953983,-1
n226,n449,Undirected,607,,0.995825,0.995825,1
n226,n450,Undirected,608,,0.970588,-0.970588,-1
n226,n541,Undirected,609,,0.953983,-0.953983,-1
n226,n560,Undirected,610,,0.962352,-0.962352,-1
n226,n634,Undirected,611,,0.979088,-0.979088,-1
n227,n254,Undirected,612,,0.953983,-0.953983,-1
n227,n306,Undirected,613,,0.953983,-0.953983,-1
n227,n357,Undirected,614,,0.979088,-0.979088,-1
n227,n390,Undirected,615,,0.966387,-0.966387,-1
n227,n430,Undirected,616,,0.953983,-0.953983,-1
n227,n526,Undirected,617,,0.979088,-0.979088,-1
n227,n613,Undirected,618,,0.953983,-0.953983,-1
n227,n633,Undirected,619,,0.97072,0.97072,1
n229,n595,Undirected,620,,0.948857,0.948857,1
n232,n371,Undirected,621,,0.95,0.95,1
n232,n410,Undirected,622,,0.95,0.95,1
n233,n260,Undirected,623,,0.982942,-0.982942,-1
n233,n366,Undirected,624,,0.9573,-0.9573,-1
n233,n437,Undirected,625,,0.96178,0.961781,1
n233,n522,Undirected,626,,0.9573,0.9573,1
n234,n353,Undirected,627,,0.97479,-0.97479,-1
n235,n281,Undirected,628,,0.983333,0.983333,1
n235,n393,Undirected,629,,0.995825,-0.995825,-1
n235,n471,Undirected,630,,0.983333,0.983333,1
n235,n518,Undirected,631,,0.953983,0.953983,1
n235,n623,Undirected,632,,0.978945,0.978945,1
n237,n662,Undirected,633,,0.958017,-0.958017,-1
n238,n649,Undirected,634,,0.966667,-0.966667,-1
n239,n254,Undirected,635,,0.962352,0.962352,1
n239,n277,Undirected,636,,0.978912,0.978912,1
n239,n331,Undirected,637,,0.983193,0.983193,1
n239,n402,Undirected,638,,0.978912,0.978912,1
n239,n430,Undirected,639,,0.962352,0.962352,1
n239,n462,Undirected,640,,0.94958,0.94958,1
n239,n560,Undirected,641,,0.962352,0.962352,1
n239,n594,Undirected,642,,0.979088,0.979088,1
n239,n653,Undirected,643,,0.953983,0.953983,1
n241,n248,Undirected,644,,0.962352,0.962352,1
n241,n305,Undirected,645,,0.966387,-0.966387,-1
n241,n392,Undirected,646,,0.94958,0.94958,1
n241,n609,Undirected,647,,0.949187,0.949187,1
n242,n480,Undirected,648,,0.966667,0.966667,1
n243,n624,Undirected,649,,0.953781,0.953782,1
n244,n389,Undirected,650,,0.95,0.95,1
n244,n523,Undirected,651,,0.953065,0.953065,1
n245,n391,Undirected,652,,0.983333,0.983333,1
n245,n465,Undirected,653,,0.953983,0.953983,1
n245,n676,Undirected,654,,0.983333,0.983333,1
n246,n466,Undirected,655,,0.982905,0.982905,1
n247,n630,Undirected,656,,0.983333,0.983333,1
n248,n371,Undirected,657,,0.95,0.95,1
n248,n490,Undirected,658,,0.962352,0.962352,1
n248,n560,Undirected,659,,0.95,0.95,1
n248,n593,Undirected,660,,0.966667,0.966667,1
n248,n638,Undirected,661,,0.966667,0.966667,1
n249,n582,Undirected,662,,0.979088,0.979088,1
n249,n682,Undirected,663,,0.966421,0.966421,1
n251,n386,Undirected,664,,0.97072,0.97072,1
n251,n597,Undirected,665,,0.966667,-0.966667,-1
n251,n622,Undirected,666,,0.983333,0.983333,1
n252,n352,Undirected,667,,0.958017,0.958017,1
n252,n473,Undirected,668,,0.991632,0.991632,1
n253,n364,Undirected,669,,0.953595,-0.953595,-1
n254,n259,Undirected,670,,0.962352,0.962352,1
n254,n277,Undirected,671,,0.991632,0.991632,1
n254,n306,Undirected,672,,0.966667,0.966667,1
n254,n331,Undirected,673,,0.979088,0.979088,1
n254,n357,Undirected,674,,0.95,0.95,1
n254,n390,Undirected,675,,0.953983,0.953983,1
n254,n402,Undirected,676,,0.991632,0.991632,1
n254,n430,Undirected,677,,0.966667,0.966667,1
n254,n491,Undirected,678,,0.962352,-0.962352,-1
n254,n503,Undirected,679,,0.95,0.95,1
n254,n560,Undirected,680,,0.95,0.95,1
n254,n594,Undirected,681,,0.966667,0.966667,1
n254,n613,Undirected,682,,0.966667,0.966667,1
n254,n652,Undirected,683,,0.983333,0.983333,1
n254,n653,Undirected,684,,0.966667,0.966667,1
n258,n355,Undirected,685,,0.949153,0.949153,1
n258,n549,Undirected,686,,0.949153,0.949153,1
n258,n570,Undirected,687,,0.991632,0.991632,1
n259,n277,Undirected,688,,0.970473,0.970473,1
n259,n306,Undirected,689,,0.979088,0.979088,1
n259,n331,Undirected,690,,0.957983,0.957983,1
n259,n402,Undirected,691,,0.966253,0.966253,1
n259,n430,Undirected,692,,0.962352,0.962352,1
n259,n449,Undirected,693,,0.979088,-0.979088,-1
n259,n450,Undirected,694,,0.957983,0.957983,1
n259,n490,Undirected,695,,0.94958,0.94958,1
n259,n502,Undirected,696,,0.953009,0.953009,1
n259,n503,Undirected,697,,0.962352,0.962352,1
n259,n560,Undirected,698,,0.979088,0.979088,1
n259,n593,Undirected,699,,0.979088,0.979088,1
n259,n594,Undirected,700,,0.962352,0.962352,1
n259,n613,Undirected,701,,0.979088,0.979088,1
n259,n634,Undirected,702,,0.962352,0.962352,1
n259,n638,Undirected,703,,0.979088,0.979088,1
n259,n657,Undirected,704,,0.979088,0.979088,1
n260,n522,Undirected,705,,0.991525,-0.991525,-1
n261,n478,Undirected,706,,0.961769,0.961769,1
n263,n673,Undirected,707,,0.94958,0.94958,1
n264,n269,Undirected,708,,0.966667,0.966667,1
n264,n271,Undirected,709,,0.995825,0.995825,1
n264,n277,Undirected,710,,0.966421,0.966421,1
n264,n331,Undirected,711,,0.97072,0.97072,1
n264,n449,Undirected,712,,0.966667,-0.966667,-1
n264,n450,Undirected,713,,0.995825,0.995825,1
n264,n462,Undirected,714,,0.962352,0.962352,1
n264,n503,Undirected,715,,0.966667,0.966667,1
n264,n504,Undirected,716,,0.96624,-0.96624,-1
n264,n528,Undirected,717,,0.95,0.95,1
n264,n541,Undirected,718,,1,1,1
n264,n560,Undirected,719,,0.966667,0.966667,1
n264,n566,Undirected,720,,0.953983,0.953983,1
n264,n593,Undirected,721,,0.95,0.95,1
n264,n594,Undirected,722,,0.983333,0.983333,1
n264,n634,Undirected,723,,0.983333,0.983333,1
n264,n638,Undirected,724,,0.95,0.95,1
n265,n460,Undirected,725,,0.949289,-0.949289,-1
n266,n589,Undirected,726,,0.970588,-0.970588,-1
n267,n485,Undirected,727,,0.94958,-0.94958,-1
n268,n359,Undirected,728,,0.974824,-0.974824,-1
n269,n271,Undirected,729,,0.953983,0.953983,1
n269,n330,Undirected,730,,0.966667,0.966667,1
n269,n450,Undirected,731,,0.953983,0.953983,1
n269,n504,Undirected,732,,0.96624,-0.96624,-1
n269,n541,Undirected,733,,0.966667,0.966667,1
n270,n415,Undirected,734,,0.958017,-0.958017,-1
n271,n277,Undirected,735,,0.957814,0.957814,1
n271,n331,Undirected,736,,0.962185,0.962185,1
n271,n449,Undirected,737,,0.962352,-0.962352,-1
n271,n450,Undirected,738,,0.991597,0.991597,1
n271,n462,Undirected,739,,0.94958,0.94958,1
n271,n503,Undirected,740,,0.953983,0.953983,1
n271,n504,Undirected,741,,0.96178,-0.961781,-1
n271,n541,Undirected,742,,0.995825,0.995825,1
n271,n560,Undirected,743,,0.953983,0.953983,1
n271,n566,Undirected,744,,0.966387,0.966387,1
n271,n594,Undirected,745,,0.97072,0.97072,1
n271,n634,Undirected,746,,0.979088,0.979088,1
n272,n288,Undirected,747,,0.953983,-0.953983,-1
n273,n354,Undirected,748,,0.95,-0.95,-1
n277,n306,Undirected,749,,0.958017,0.958017,1
n277,n331,Undirected,750,,0.995789,0.995789,1
n277,n357,Undirected,751,,0.949613,0.949613,1
n277,n402,Undirected,752,,0.991525,0.991525,1
n277,n430,Undirected,753,,0.974824,0.974824,1
n277,n449,Undirected,754,,0.949613,-0.949613,-1
n277,n450,Undirected,755,,0.962034,0.962034,1
n277,n462,Undirected,756,,0.962034,0.962034,1
n277,n503,Undirected,757,,0.974824,0.974824,1
n277,n541,Undirected,758,,0.966421,0.966421,1
n277,n560,Undirected,759,,0.974824,0.974824,1
n277,n593,Undirected,760,,0.958017,0.958017,1
n277,n594,Undirected,761,,0.991632,0.991632,1
n277,n613,Undirected,762,,0.958017,0.958017,1
n277,n634,Undirected,763,,0.949613,0.949613,1
n277,n638,Undirected,764,,0.958017,0.958017,1
n277,n652,Undirected,765,,0.966421,0.966421,1
n277,n653,Undirected,766,,0.966421,0.966421,1
n278,n365,Undirected,767,,0.949153,-0.949153,-1
n278,n648,Undirected,768,,0.949376,-0.949376,-1
n279,n584,Undirected,769,,0.949376,0.949376,1
n280,n484,Undirected,770,,0.979088,0.979088,1
n281,n325,Undirected,771,,0.966667,0.966667,1
n281,n363,Undirected,772,,0.95,0.95,1
n281,n393,Undirected,773,,0.97072,-0.97072,-1
n281,n471,Undirected,774,,0.966667,0.966667,1
n281,n623,Undirected,775,,0.978945,0.978945,1
n282,n311,Undirected,776,,0.957455,0.957455,1
n283,n372,Undirected,777,,0.974611,-0.974611,-1
n284,n340,Undirected,778,,0.966421,0.966421,1
n284,n434,Undirected,779,,0.95,0.95,1
n284,n536,Undirected,780,,0.96192,-0.96192,-1
n285,n585,Undirected,781,,0.97479,0.97479,1
n286,n307,Undirected,782,,0.979088,0.979088,1
n287,n568,Undirected,783,,0.987351,-0.987351,-1
n289,n530,Undirected,784,,0.978849,0.978849,1
n291,n378,Undirected,785,,0.962034,0.962034,1
n292,n491,Undirected,786,,0.953424,-0.953424,-1
n293,n674,Undirected,787,,0.95339,0.95339,1
n294,n328,Undirected,788,,0.953663,0.953663,1
n294,n468,Undirected,789,,0.95,-0.95,-1
n295,n666,Undirected,790,,0.953781,-0.953782,-1
n297,n465,Undirected,791,,0.953983,0.953983,1
n297,n479,Undirected,792,,0.96624,-0.96624,-1
n298,n659,Undirected,793,,0.98305,-0.98305,-1
n299,n481,Undirected,794,,0.957814,-0.957814,-1
n300,n411,Undirected,795,,0.966667,0.966667,1
n300,n581,Undirected,796,,0.983333,-0.983333,-1
n300,n628,Undirected,797,,0.949613,0.949613,1
n301,n637,Undirected,798,,0.949289,0.949289,1
n303,n677,Undirected,799,,0.979088,0.979088,1
n304,n579,Undirected,800,,0.953269,0.953269,1
n305,n392,Undirected,801,,0.983193,-0.983193,-1
n305,n501,Undirected,802,,0.962034,-0.962034,-1
n306,n357,Undirected,803,,0.95,0.95,1
n306,n390,Undirected,804,,0.953983,0.953983,1
n306,n402,Undirected,805,,0.949613,0.949613,1
n306,n430,Undirected,806,,0.966667,0.966667,1
n306,n440,Undirected,807,,0.966667,0.966667,1
n306,n502,Undirected,808,,0.974679,0.974679,1
n306,n503,Undirected,809,,0.95,0.95,1
n306,n526,Undirected,810,,0.95,0.95,1
n306,n560,Undirected,811,,0.95,0.95,1
n306,n593,Undirected,812,,0.966667,0.966667,1
n306,n613,Undirected,813,,1,1,1
n306,n638,Undirected,814,,0.966667,0.966667,1
n306,n657,Undirected,815,,0.966667,0.966667,1
n308,n310,Undirected,816,,0.949376,0.949376,1
n308,n314,Undirected,817,,0.97479,0.97479,1
n308,n463,Undirected,818,,0.94958,0.94958,1
n308,n474,Undirected,819,,0.953983,-0.953983,-1
n308,n604,Undirected,820,,0.962352,0.962352,1
n309,n320,Undirected,821,,0.966136,-0.966136,-1
n310,n314,Undirected,822,,0.962034,0.962034,1
n310,n321,Undirected,823,,0.957814,0.957814,1
n310,n604,Undirected,824,,0.949613,0.949613,1
n312,n360,Undirected,825,,0.961769,-0.961769,-1
n313,n686,Undirected,826,,0.974679,0.974679,1
n314,n571,Undirected,827,,0.957814,0.957814,1
n314,n604,Undirected,828,,0.979088,0.979088,1
n315,n322,Undirected,829,,0.95,0.95,1
n317,n398,Undirected,830,,0.96178,0.961781,1
n317,n591,Undirected,831,,0.96624,-0.96624,-1
n318,n454,Undirected,832,,0.979088,0.979088,1
n319,n465,Undirected,833,,0.962034,0.962034,1
n319,n543,Undirected,834,,0.949613,0.949613,1
n319,n600,Undirected,835,,0.978814,0.978814,1
n323,n587,Undirected,836,,0.95,0.95,1
n324,n655,Undirected,837,,0.956847,-0.956847,-1
n325,n363,Undirected,838,,0.95,0.95,1
n325,n471,Undirected,839,,0.95,0.95,1
n326,n511,Undirected,840,,0.965953,0.965953,1
n326,n542,Undirected,841,,0.965953,0.965953,1
n329,n434,Undirected,842,,0.95,-0.95,-1
n329,n526,Undirected,843,,0.95,-0.95,-1
n329,n622,Undirected,844,,0.95,0.95,1
n331,n357,Undirected,845,,0.953983,0.953983,1
n331,n402,Undirected,846,,0.978912,0.978912,1
n331,n430,Undirected,847,,0.979088,0.979088,1
n331,n450,Undirected,848,,0.966387,0.966387,1
n331,n462,Undirected,849,,0.97479,0.97479,1
n331,n503,Undirected,850,,0.979088,0.979088,1
n331,n541,Undirected,851,,0.97072,0.97072,1
n331,n560,Undirected,852,,0.979088,0.979088,1
n331,n593,Undirected,853,,0.962352,0.962352,1
n331,n594,Undirected,854,,0.995825,0.995825,1
n331,n634,Undirected,855,,0.953983,0.953983,1
n331,n638,Undirected,856,,0.962352,0.962352,1
n331,n652,Undirected,857,,0.953983,0.953983,1
n331,n653,Undirected,858,,0.97072,0.97072,1
n332,n608,Undirected,859,,0.949613,0.949613,1
n333,n568,Undirected,860,,0.966421,0.966421,1
n335,n683,Undirected,861,,0.965966,0.965966,1
n336,n406,Undirected,862,,0.966667,-0.966667,-1
n336,n554,Undirected,863,,0.966667,0.966667,1
n336,n666,Undirected,864,,0.979088,-0.979088,-1
n336,n668,Undirected,865,,0.949613,-0.949613,-1
n337,n642,Undirected,866,,0.953407,-0.953407,-1
n338,n361,Undirected,867,,0.949613,0.949613,1
n338,n433,Undirected,868,,0.974576,0.974576,1
n338,n460,Undirected,869,,0.949613,-0.949613,-1
n338,n532,Undirected,870,,0.974824,0.974824,1
n339,n667,Undirected,871,,0.96624,-0.96624,-1
n342,n558,Undirected,872,,0.953983,0.953983,1
n342,n652,Undirected,873,,0.95,0.95,1
n345,n421,Undirected,874,,0.962034,0.962034,1
n345,n437,Undirected,875,,0.949376,-0.949376,-1
n346,n521,Undirected,876,,0.952869,0.952869,1
n347,n679,Undirected,877,,0.979088,0.979088,1
n349,n498,Undirected,878,,0.94958,0.94958,1
n351,n463,Undirected,879,,0.979088,-0.979088,-1
n351,n640,Undirected,880,,0.96624,-0.96624,-1
n355,n570,Undirected,881,,0.949613,0.949613,1
n356,n515,Undirected,882,,0.961453,0.961453,1
n357,n430,Undirected,883,,0.983333,0.983333,1
n357,n440,Undirected,884,,0.95,0.95,1
n357,n476,Undirected,885,,0.949613,0.949613,1
n357,n526,Undirected,886,,0.95,0.95,1
n357,n554,Undirected,887,,0.966667,-0.966667,-1
n357,n560,Undirected,888,,0.95,0.95,1
n357,n610,Undirected,889,,0.966667,-0.966667,-1
n357,n613,Undirected,890,,0.95,0.95,1
n358,n580,Undirected,891,,0.978945,0.978945,1
n361,n364,Undirected,892,,0.966421,-0.966421,-1
n361,n409,Undirected,893,,0.966667,0.966667,1
n364,n409,Undirected,894,,0.974824,-0.974824,-1
n367,n599,Undirected,895,,0.962352,0.962352,1
n370,n401,Undirected,896,,0.965546,-0.965546,-1
n371,n490,Undirected,897,,0.995825,0.995825,1
n371,n560,Undirected,898,,0.95,0.95,1
n371,n665,Undirected,899,,0.966421,0.966421,1
n373,n482,Undirected,900,,0.953424,0.953424,1
n374,n670,Undirected,901,,0.966387,0.966387,1
n376,n448,Undirected,902,,0.962352,-0.962352,-1
n377,n462,Undirected,903,,0.962352,0.962352,1
n377,n604,Undirected,904,,0.95,0.95,1
n378,n609,Undirected,905,,0.949187,0.949187,1
n379,n544,Undirected,906,,0.974501,-0.974501,-1
n383,n592,Undirected,907,,0.966421,0.966421,1
n384,n548,Undirected,908,,0.953983,0.953983,1
n385,n519,Undirected,909,,0.966253,-0.966253,-1
n386,n539,Undirected,910,,0.979088,0.979088,1
n386,n622,Undirected,911,,0.953983,0.953983,1
n387,n538,Undirected,912,,0.95,-0.95,-1
n388,n458,Undirected,913,,0.949613,-0.949613,-1
n390,n613,Undirected,914,,0.953983,0.953983,1
n391,n426,Undirected,915,,0.95,0.95,1
n391,n676,Undirected,916,,0.966667,0.966667,1
n392,n501,Undirected,917,,0.962034,0.962034,1
n392,n502,Undirected,918,,0.953009,0.953009,1
n392,n526,Undirected,919,,0.953983,0.953983,1
n393,n471,Undirected,920,,0.979088,-0.979088,-1
n393,n518,Undirected,921,,0.966387,-0.966387,-1
n393,n623,Undirected,922,,0.970227,-0.970227,-1
n394,n492,Undirected,923,,0.953424,-0.953424,-1
n395,n577,Undirected,924,,0.952701,0.952701,1
n396,n425,Undirected,925,,0.953983,0.953983,1
n397,n431,Undirected,926,,0.961243,-0.961243,-1
n398,n552,Undirected,927,,0.94958,-0.94958,-1
n398,n591,Undirected,928,,0.962352,-0.962352,-1
n398,n644,Undirected,929,,0.983131,-0.983131,-1
n400,n432,Undirected,930,,0.974824,0.974824,1
n400,n680,Undirected,931,,0.966667,0.966667,1
n401,n463,Undirected,932,,0.952819,-0.952819,-1
n402,n430,Undirected,933,,0.958017,0.958017,1
n402,n491,Undirected,934,,0.962034,-0.962034,-1
n402,n503,Undirected,935,,0.949613,0.949613,1
n402,n560,Undirected,936,,0.958017,0.958017,1
n402,n594,Undirected,937,,0.974824,0.974824,1
n402,n613,Undirected,938,,0.949613,0.949613,1
n402,n652,Undirected,939,,0.966421,0.966421,1
n402,n653,Undirected,940,,0.949613,0.949613,1
n406,n554,Undirected,941,,0.966667,-0.966667,-1
n406,n634,Undirected,942,,0.95,0.95,1
n407,n660,Undirected,943,,0.95,0.95,1
n408,n671,Undirected,944,,0.979088,-0.979088,-1
n410,n475,Undirected,945,,0.953983,0.953983,1
n410,n577,Undirected,946,,0.962352,0.962352,1
n410,n665,Undirected,947,,0.949613,0.949613,1
n412,n533,Undirected,948,,0.97479,0.97479,1
n413,n586,Undirected,949,,0.953983,0.953983,1
n416,n524,Undirected,950,,0.979088,-0.979088,-1
n416,n527,Undirected,951,,0.966667,-0.966667,-1
n417,n572,Undirected,952,,0.966667,0.966667,1
n418,n606,Undirected,953,,0.96624,-0.96624,-1
n419,n558,Undirected,954,,0.953269,0.953269,1
n419,n575,Undirected,955,,0.974395,0.974395,1
n419,n632,Undirected,956,,0.96178,-0.961781,-1
n423,n516,Undirected,957,,0.953407,0.953407,1
n424,n611,Undirected,958,,0.961899,0.961899,1
n427,n552,Undirected,959,,0.953983,0.953983,1
n430,n440,Undirected,960,,0.966667,0.966667,1
n430,n502,Undirected,961,,0.94903,0.94903,1
n430,n503,Undirected,962,,0.95,0.95,1
n430,n560,Undirected,963,,0.983333,0.983333,1
n430,n593,Undirected,964,,0.966667,0.966667,1
n430,n594,Undirected,965,,0.966667,0.966667,1
n430,n613,Undirected,966,,0.966667,0.966667,1
n430,n634,Undirected,967,,0.95,0.95,1
n430,n638,Undirected,968,,0.966667,0.966667,1
n430,n653,Undirected,969,,0.95,0.95,1
n432,n680,Undirected,970,,0.958017,0.958017,1
n433,n532,Undirected,971,,0.949613,0.949613,1
n435,n505,Undirected,972,,0.956847,0.956847,1
n435,n511,Undirected,973,,0.952819,0.952819,1
n436,n517,Undirected,974,,0.94958,-0.94958,-1
n437,n633,Undirected,975,,0.953983,0.953983,1
n438,n441,Undirected,976,,0.962352,0.962352,1
n438,n551,Undirected,977,,0.953781,0.953782,1
n440,n476,Undirected,978,,0.966421,0.966421,1
n440,n502,Undirected,979,,0.94903,0.94903,1
n440,n577,Undirected,980,,0.962352,0.962352,1
n440,n593,Undirected,981,,0.95,0.95,1
n440,n613,Undirected,982,,0.966667,0.966667,1
n440,n638,Undirected,983,,0.95,0.95,1
n440,n665,Undirected,984,,0.974824,0.974824,1
n441,n551,Undirected,985,,0.953983,0.953983,1
n445,n549,Undirected,986,,0.965847,0.965847,1
n449,n450,Undirected,987,,0.979088,-0.979088,-1
n449,n541,Undirected,988,,0.966667,-0.966667,-1
n449,n560,Undirected,989,,0.966667,-0.966667,-1
n449,n593,Undirected,990,,0.95,-0.95,-1
n449,n594,Undirected,991,,0.95,-0.95,-1
n449,n634,Undirected,992,,0.983333,-0.983333,-1
n449,n638,Undirected,993,,0.95,-0.95,-1
n449,n657,Undirected,994,,0.95,-0.95,-1
n450,n462,Undirected,995,,0.94958,0.94958,1
n450,n503,Undirected,996,,0.962352,0.962352,1
n450,n504,Undirected,997,,0.953269,-0.953269,-1
n450,n541,Undirected,998,,0.995825,0.995825,1
n450,n560,Undirected,999,,0.979088,0.979088,1
n450,n566,Undirected,1000,,0.94958,0.94958,1
n450,n593,Undirected,1001,,0.962352,0.962352,1
n450,n594,Undirected,1002,,0.979088,0.979088,1
n450,n634,Undirected,1003,,0.995825,0.995825,1
n450,n638,Undirected,1004,,0.962352,0.962352,1
n451,n527,Undirected,1005,,0.966667,0.966667,1
n452,n481,Undirected,1006,,0.949613,0.949613,1
n452,n556,Undirected,1007,,0.962352,0.962352,1
n453,n509,Undirected,1008,,0.97479,-0.97479,-1
n455,n565,Undirected,1009,,0.96624,-0.96624,-1
n455,n597,Undirected,1010,,0.96624,0.96624,1
n456,n636,Undirected,1011,,0.953407,-0.953407,-1
n456,n687,Undirected,1012,,0.991632,-0.991632,-1
n462,n496,Undirected,1013,,0.97479,0.97479,1
n462,n503,Undirected,1014,,0.979088,0.979088,1
n462,n528,Undirected,1015,,0.962352,0.962352,1
n462,n541,Undirected,1016,,0.962352,0.962352,1
n462,n594,Undirected,1017,,0.979088,0.979088,1
n462,n612,Undirected,1018,,0.979088,0.979088,1
n463,n640,Undirected,1019,,0.96178,0.961781,1
n465,n600,Undirected,1020,,0.957814,0.957814,1
n467,n667,Undirected,1021,,0.95239,-0.95239,-1
n468,n502,Undirected,1022,,0.94903,0.94903,1
n468,n657,Undirected,1023,,0.95,0.95,1
n470,n645,Undirected,1024,,0.966387,-0.966387,-1
n473,n529,Undirected,1025,,0.962034,0.962034,1
n474,n481,Undirected,1026,,0.949613,-0.949613,-1
n476,n643,Undirected,1027,,0.983131,-0.983131,-1
n476,n687,Undirected,1028,,0.95339,0.95339,1
n480,n550,Undirected,1029,,0.979088,-0.979088,-1
n483,n488,Undirected,1030,,0.962034,0.962034,1
n483,n631,Undirected,1031,,0.974576,-0.974576,-1
n486,n581,Undirected,1032,,0.966421,-0.966421,-1
n486,n628,Undirected,1033,,0.970339,0.970339,1
n490,n560,Undirected,1034,,0.97072,0.97072,1
n490,n593,Undirected,1035,,0.953983,0.953983,1
n490,n638,Undirected,1036,,0.953983,0.953983,1
n490,n665,Undirected,1037,,0.949376,0.949376,1
n491,n652,Undirected,1038,,0.979088,-0.979088,-1
n491,n653,Undirected,1039,,0.953983,-0.953983,-1
n493,n499,Undirected,1040,,0.969706,0.969706,1
n494,n547,Undirected,1041,,0.953407,0.953407,1
n496,n612,Undirected,1042,,0.979088,0.979088,1
n496,n620,Undirected,1043,,0.948857,0.948857,1
n497,n528,Undirected,1044,,0.95,-0.95,-1
n502,n613,Undirected,1045,,0.974679,0.974679,1
n502,n657,Undirected,1046,,0.94903,0.94903,1
n503,n528,Undirected,1047,,0.95,0.95,1
n503,n541,Undirected,1048,,0.966667,0.966667,1
n503,n560,Undirected,1049,,0.966667,0.966667,1
n503,n593,Undirected,1050,,0.983333,0.983333,1
n503,n594,Undirected,1051,,0.983333,0.983333,1
n503,n612,Undirected,1052,,0.95,0.95,1
n503,n613,Undirected,1053,,0.95,0.95,1
n503,n634,Undirected,1054,,0.95,0.95,1
n503,n638,Undirected,1055,,0.983333,0.983333,1
n504,n541,Undirected,1056,,0.96624,-0.96624,-1
n504,n620,Undirected,1057,,0.969706,-0.969706,-1
n505,n622,Undirected,1058,,0.949613,-0.949613,-1
n505,n672,Undirected,1059,,0.958017,-0.958017,-1
n506,n639,Undirected,1060,,0.96178,0.961781,1
n506,n650,Undirected,1061,,0.95239,0.95239,1
n507,n558,Undirected,1062,,0.94958,0.94958,1
n507,n618,Undirected,1063,,0.94958,0.94958,1
n511,n542,Undirected,1064,,0.970588,0.970588,1
n511,n672,Undirected,1065,,0.953983,-0.953983,-1
n512,n676,Undirected,1066,,0.966667,-0.966667,-1
n514,n534,Undirected,1067,,0.952701,-0.952701,-1
n523,n561,Undirected,1068,,0.953065,0.953065,1
n524,n527,Undirected,1069,,0.962352,0.962352,1
n525,n588,Undirected,1070,,0.953983,0.953983,1
n526,n613,Undirected,1071,,0.95,0.95,1
n527,n537,Undirected,1072,,0.953983,-0.953983,-1
n527,n627,Undirected,1073,,0.949613,0.949613,1
n527,n681,Undirected,1074,,0.949613,-0.949613,-1
n528,n541,Undirected,1075,,0.95,0.95,1
n528,n612,Undirected,1076,,0.95,0.95,1
n528,n661,Undirected,1077,,0.966092,0.966092,1
n531,n590,Undirected,1078,,1,-1,-1
n537,n681,Undirected,1079,,0.962034,0.962034,1
n539,n624,Undirected,1080,,0.953983,0.953983,1
n541,n560,Undirected,1081,,0.966667,0.966667,1
n541,n566,Undirected,1082,,0.953983,0.953983,1
n541,n593,Undirected,1083,,0.95,0.95,1
n541,n594,Undirected,1084,,0.983333,0.983333,1
n541,n634,Undirected,1085,,0.983333,0.983333,1
n541,n638,Undirected,1086,,0.95,0.95,1
n543,n551,Undirected,1087,,0.953983,0.953983,1
n543,n600,Undirected,1088,,0.991632,0.991632,1
n545,n669,Undirected,1089,,0.953009,0.953009,1
n552,n591,Undirected,1090,,0.953983,0.953983,1
n552,n644,Undirected,1091,,0.966253,0.966253,1
n553,n621,Undirected,1092,,0.957814,0.957814,1
n553,n685,Undirected,1093,,0.958017,0.958017,1
n554,n666,Undirected,1094,,0.97072,-0.97072,-1
n558,n620,Undirected,1095,,0.965953,0.965953,1
n560,n593,Undirected,1096,,0.983333,0.983333,1
n560,n594,Undirected,1097,,0.983333,0.983333,1
n560,n613,Undirected,1098,,0.95,0.95,1
n560,n634,Undirected,1099,,0.983333,0.983333,1
n560,n638,Undirected,1100,,0.983333,0.983333,1
n561,n601,Undirected,1101,,0.953983,-0.953983,-1
n564,n598,Undirected,1102,,0.949613,-0.949613,-1
n565,n597,Undirected,1103,,0.95,-0.95,-1
n577,n665,Undirected,1104,,0.983131,0.983131,1
n581,n628,Undirected,1105,,0.974824,-0.974824,-1
n584,n603,Undirected,1106,,0.949613,-0.949613,-1
n591,n644,Undirected,1107,,0.974824,0.974824,1
n593,n594,Undirected,1108,,0.966667,0.966667,1
n593,n613,Undirected,1109,,0.966667,0.966667,1
n593,n634,Undirected,1110,,0.966667,0.966667,1
n593,n638,Undirected,1111,,1,1,1
n593,n657,Undirected,1112,,0.95,0.95,1
n594,n634,Undirected,1113,,0.966667,0.966667,1
n594,n638,Undirected,1114,,0.966667,0.966667,1
n594,n653,Undirected,1115,,0.95,0.95,1
n596,n656,Undirected,1116,,0.991632,-0.991632,-1
n597,n641,Undirected,1117,,0.95,0.95,1
n602,n641,Undirected,1118,,0.962102,-0.962102,-1
n611,n659,Undirected,1119,,0.94958,-0.94958,-1
n613,n638,Undirected,1120,,0.966667,0.966667,1
n613,n657,Undirected,1121,,0.966667,0.966667,1
n614,n664,Undirected,1122,,0.978945,0.978945,1
n616,n652,Undirected,1123,,0.966667,0.966667,1
n616,n653,Undirected,1124,,0.95,0.95,1
n622,n672,Undirected,1125,,0.95,0.95,1
n627,n681,Undirected,1126,,0.95339,-0.95339,-1
n629,n678,Undirected,1127,,0.94958,-0.94958,-1
n634,n638,Undirected,1128,,0.966667,0.966667,1
n635,n660,Undirected,1129,,0.953663,-0.953663,-1
n638,n657,Undirected,1130,,0.95,0.95,1
n643,n675,Undirected,1131,,0.949187,0.949187,1
n652,n653,Undirected,1132,,0.983333,0.983333,1
n684,n686,Undirected,1133,,0.965888,0.965888,1
