Id,Label,v_name,degree,clustering,triangles,eigencentrality,Eccentricity,closnesscentrality,harmonicclosnesscentrality,betweenesscentrality,modularity_class,stat_inf_class,weighted degree,module
n0,n0,OTU9722,6,0.533333,8,0.009246,13,0.159351,0.196513,796.133408,39,65,5.773846,M3
n1,n1,OTU11092,2,1,1,0.001511,1,1,1,0,0,0,1.962421,Others
n2,n2,OTU9700,3,0.333333,1,0.002835,14,0.131393,0.154362,333,127,95,2.87065,Others
n3,n3,OTU10892,1,0,0,0.000607,1,1,1,0,35,1,0.978766,Others
n4,n4,OTU10438,3,0.333333,1,0.012176,12,0.185556,0.223199,4937.474596,82,94,2.879018,M2
n5,n5,OTU9050,13,0.384615,30,0.310556,11,0.202916,0.271959,2313.478972,72,98,12.468887,Others
n6,n6,OTU9962,1,0,0,0.000607,1,1,1,0,1,3,0.957814,Others
n7,n7,OTU8055,1,0,0,0.000962,15,0.119328,0.13617,0,127,87,0.966667,M4
n8,n8,OTU9766,3,0.333333,1,0.004002,13,0.144714,0.176027,3251.868704,127,87,2.90373,M4
n9,n9,OTU10457,16,0.516667,62,0.46076,11,0.206173,0.280579,4397.309652,72,161,15.464327,M1
n10,n10,OTU9477,1,0,0,0.000607,1,1,1,0,2,5,0.962185,Others
n11,n11,OTU9491,3,0.666667,2,0.004048,16,0.13344,0.161212,31.5,19,56,2.894995,M2
n12,n12,OTU11485,4,0.333333,2,0.003904,14,0.139632,0.166161,867.550893,43,36,3.866475,M3
n13,n13,OTU9715,6,0.2,3,0.011149,13,0.181128,0.225249,3082.315438,39,36,5.744129,M3
n14,n14,OTU8019,2,0,0,0.001375,19,0.086305,0.097621,333,39,65,1.945509,M3
n15,n15,OTU9094,1,0,0,0.000607,1,1,1,0,3,6,0.966667,Others
n16,n16,OTU8516,1,0,0,0.000744,19,0.08253,0.092645,0,127,87,0.949289,M4
n17,n17,OTU8376,5,0.1,1,0.005372,14,0.149441,0.184996,3905,39,65,4.774633,M3
n18,n18,OTU9104,1,0,0,0.000607,1,1,1,0,4,7,0.965802,Others
n19,n19,OTU9648,1,0,0,0.000607,1,1,1,0,5,8,0.962034,Others
n20,n20,OTU7995,2,0,0,0.001744,17,0.117111,0.135558,333,19,56,1.931034,M2
n21,n21,OTU9394,2,1,1,0.002178,15,0.113451,0.131275,0,127,87,1.933071,M4
n22,n22,OTU8517,4,1,6,0.006336,14,0.146043,0.173083,0,39,65,3.895423,M3
n23,n23,OTU8311,5,0.3,3,0.007042,19,0.094058,0.118661,466,19,9,4.775179,Others
n24,n24,OTU9000,30,0.524138,228,0.985447,11,0.220317,0.31809,3719.281257,72,182,29.03137,M1
n25,n25,OTU9557,3,0.333333,1,0.003144,15,0.117772,0.139441,993,43,81,2.890479,Others
n26,n26,OTU5906,8,0.357143,10,0.010944,13,0.152511,0.192324,1953.217505,43,81,7.71353,Others
n27,n27,OTU9222,5,0.2,2,0.004874,13,0.147527,0.178725,3586,49,60,4.832112,Others
n28,n28,OTU11478,3,0,0,0.003361,14,0.152721,0.181205,1323,82,94,2.924773,M2
n29,n29,OTU8323,1,0,0,0.000607,1,1,1,0,6,10,0.95,Others
n30,n30,OTU8965,2,1,1,0.001694,19,0.093166,0.107263,0,19,56,1.944175,Others
n31,n31,OTU8678,2,0,0,0.001362,2,0.75,0.833333,2,16,39,1.907563,Others
n32,n32,OTU8330,1,0,0,0.000913,16,0.115252,0.130695,0,37,24,0.970142,Others
n33,n33,OTU9822,1,0,0,0.000729,2,0.666667,0.75,0,7,48,0.962352,Others
n34,n34,OTU9014,2,0,0,0.001239,1,1,1,1,8,11,1.928738,Others
n35,n35,OTU10213,3,0.333333,1,0.0026,5,0.428571,0.587037,18,29,71,2.894555,Others
n36,n36,OTU11992,4,0.333333,2,0.005493,13,0.151063,0.185501,1313.773547,37,24,3.882085,Others
n37,n37,OTU9673,2,1,1,0.001511,1,1,1,0,26,157,1.923729,Others
n38,n38,OTU9032,25,0.51,153,0.790568,11,0.21424,0.304067,1154.984264,72,158,24.094529,M1
n39,n39,OTU10607,2,1,1,0.001511,1,1,1,0,122,146,1.907966,Others
n40,n40,OTU9514,1,0,0,0.00088,4,0.347826,0.427083,0,60,46,0.949153,Others
n41,n41,OTU10613,1,0,0,0.000607,1,1,1,0,9,12,0.953983,Others
n42,n42,OTU9213,1,0,0,0.000607,1,1,1,0,10,13,0.961243,Others
n43,n43,OTU13291,1,0,0,0.000607,1,1,1,0,11,159,0.966387,Others
n44,n44,OTU8813,2,1,1,0.001648,2,0.75,0.833333,0,63,49,1.906567,Others
n45,n45,OTU6571,1,0,0,0.000729,2,0.666667,0.75,0,12,35,0.96192,Others
n46,n46,OTU9691,2,0,0,0.001362,2,0.75,0.833333,2,18,43,1.928455,Others
n47,n47,OTU9410,1,0,0,0.000729,2,0.666667,0.75,0,76,62,0.95,Others
n48,n48,OTU8341,1,0,0,0.000742,4,0.4,0.520833,0,13,14,0.983333,Others
n49,n49,OTU2033,1,0,0,0.000607,1,1,1,0,14,41,0.957662,Others
n50,n50,OTU11385,1,0,0,0.000607,1,1,1,0,15,15,0.949289,Others
n51,n51,OTU8656,2,0,0,0.001374,3,0.571429,0.708333,3,22,93,1.899613,Others
n52,n52,OTU10623,7,0.619048,13,0.012325,17,0.114974,0.14818,3554.15,19,9,6.759694,Others
n53,n53,OTU8674,1,0,0,0.011219,13,0.15045,0.178059,0,72,42,0.95,M1
n54,n54,OTU9896,1,0,0,0.000921,17,0.104669,0.119105,0,67,17,0.978945,Others
n55,n55,OTU11972,20,0.726316,138,0.733476,12,0.192396,0.273533,41.150581,72,21,19.263131,M1
n56,n56,OTU10788,2,0,0,0.001362,2,0.75,0.833333,2,16,39,1.920035,Others
n57,n57,OTU11569,9,0.277778,10,0.015763,13,0.176626,0.225323,4816.976151,82,94,8.678202,M2
n58,n58,OTU10669,3,1,3,0.0066,14,0.15079,0.182615,0,81,25,2.907501,M1
n59,n59,OTU11931,1,0,0,0.000894,4,0.416667,0.516667,0,89,106,0.966253,Others
n60,n60,OTU10517,3,0.333333,1,0.002448,18,0.089882,0.105996,993,127,87,2.932594,M4
n61,n61,OTU9027,1,0,0,0.001578,14,0.15286,0.176573,0,19,16,0.953983,M2
n62,n62,OTU9433,11,0.327273,18,0.13445,12,0.185453,0.248046,1477.31402,81,25,10.604498,M1
n63,n63,OTU6244,1,0,0,0.000607,1,1,1,0,17,88,0.966387,Others
n64,n64,OTU9193,1,0,0,0.000729,2,0.666667,0.75,0,47,28,0.979088,Others
n65,n65,OTU5996,4,0.333333,2,0.005231,13,0.150995,0.184568,852.619767,127,95,3.845685,Others
n66,n66,OTU10331,1,0,0,0.001051,16,0.116053,0.132645,0,67,17,0.962352,Others
n67,n67,OTU10292,1,0,0,0.000607,1,1,1,0,42,26,0.953983,Others
n68,n68,OTU11014,1,0,0,0.000607,1,1,1,0,20,18,0.966421,Others
n69,n69,OTU9351,21,0.514286,108,0.628277,11,0.213419,0.297295,4427.891286,72,68,20.239561,M1
n70,n70,OTU8766,1,0,0,0.000729,2,0.666667,0.75,0,133,167,0.95,Others
n71,n71,OTU10162,2,0,0,0.001362,2,0.75,0.833333,2,18,43,1.928341,Others
n72,n72,OTU11461,6,0.333333,5,0.00905,14,0.1665,0.209503,6722.811691,19,16,5.783087,M2
n73,n73,OTU10560,1,0,0,0.000729,2,0.666667,0.75,0,36,23,0.953407,Others
n74,n74,OTU10773,4,0.666667,4,0.005839,14,0.134298,0.163044,45.5,43,81,3.874113,Others
n75,n75,OTU7971,1,0,0,0.000607,1,1,1,0,24,19,0.961595,Others
n76,n76,OTU8715,1,0,0,0.000607,1,1,1,0,20,18,0.966421,Others
n77,n77,OTU14260,1,0,0,0.000607,1,1,1,0,21,31,0.974824,Others
n78,n78,OTU8744,3,0,0,0.002311,17,0.102928,0.120064,993.5,82,94,2.878353,Others
n79,n79,OTU8220,2,0,0,0.001374,3,0.571429,0.708333,3,22,93,1.903003,Others
n80,n80,OTU8884,1,0,0,0.000607,1,1,1,0,23,44,0.991561,Others
n81,n81,OTU15446,2,0,0,0.001706,16,0.105529,0.121845,664,43,81,1.953604,Others
n82,n82,OTU12032,1,0,0,0.000913,16,0.113259,0.126899,0,37,24,0.953269,Others
n83,n83,OTU8698,2,0,0,0.001502,17,0.103791,0.118672,333,39,65,1.903563,M3
n84,n84,OTU11165,6,0.4,6,0.03963,13,0.171194,0.22006,760.452571,55,95,5.802571,Others
n85,n85,OTU11540,7,0.333333,7,0.10898,11,0.202057,0.261262,13097.49022,72,118,6.712449,Others
n86,n86,OTU9112,1,0,0,0.00197,14,0.142735,0.166132,0,81,25,0.94958,M1
n87,n87,OTU8506,8,0.607143,17,0.13914,12,0.18535,0.244288,320.267835,81,186,7.694162,M1
n88,n88,OTU5857,1,0,0,0.000607,1,1,1,0,24,19,0.961595,Others
n89,n89,OTU8717,1,0,0,0.000729,2,0.666667,0.75,0,44,27,0.995825,Others
n90,n90,OTU6682,2,0,0,0.012011,13,0.154059,0.183608,664,27,32,1.911614,Others
n91,n91,OTU9095,8,0.285714,8,0.087212,11,0.189342,0.244022,814.892845,72,55,7.673922,Others
n92,n92,OTU10157,1,0,0,0.000729,2,0.666667,0.75,0,12,35,0.949613,Others
n93,n93,OTU6228,1,0,0,0.000607,1,1,1,0,25,45,0.974576,Others
n94,n94,OTU11309,2,1,1,0.001511,1,1,1,0,26,157,1.932203,Others
n95,n95,OTU9602,2,0,0,0.001846,14,0.133653,0.153536,333,27,32,1.932507,Others
n96,n96,OTU11054,1,0,0,0.001005,4,0.380952,0.458333,0,60,46,0.952869,Others
n97,n97,OTU8145,2,0,0,0.001362,2,0.75,0.833333,2,28,58,1.924684,Others
n98,n98,OTU383,4,0.166667,1,0.004897,15,0.146107,0.180466,788.63903,82,86,3.853112,M2
n99,n99,OTU9098,1,0,0,0.000741,3,0.5,0.611111,0,18,43,0.962034,Others
n100,n100,OTU8153,2,0,0,0.003329,13,0.146107,0.173365,158.948427,55,95,1.912351,Others
n101,n101,OTU11049,11,0.818182,45,0.337887,12,0.180834,0.242061,19.352313,72,110,10.705985,M1
n102,n102,OTU8092,21,0.609524,128,0.680006,11,0.208359,0.289123,560.145436,72,132,20.319865,M1
n103,n103,OTU8098,5,0.2,2,0.013017,12,0.165265,0.208318,4393.625602,127,95,4.795685,Others
n104,n104,OTU9816,2,1,1,0.001829,4,0.391304,0.5,0,29,71,1.95,Others
n105,n105,OTU9417,2,0,0,0.001717,15,0.116783,0.13553,993,37,24,1.928138,Others
n106,n106,OTU8701,1,0,0,0.000607,1,1,1,0,30,59,0.953983,Others
n107,n107,OTU11666,9,0.555556,20,0.180918,12,0.185453,0.246056,241.528155,81,25,8.717423,M1
n108,n108,OTU10747,2,0,0,0.001374,3,0.571429,0.708333,3,31,33,1.915629,Others
n109,n109,OTU9152,1,0,0,0.000607,1,1,1,0,34,22,0.961538,Others
n110,n110,OTU6791,2,0,0,0.001362,2,0.75,0.833333,2,32,54,1.916335,Others
n111,n111,OTU10875,2,1,1,0.001511,1,1,1,0,99,105,1.89787,Others
n112,n112,OTU11192,1,0,0,0.000607,1,1,1,0,33,163,0.978622,Others
n113,n113,OTU8959,2,0,0,0.003611,14,0.146363,0.174736,333,55,95,1.949384,Others
n114,n114,OTU8522,4,0.166667,1,0.006658,13,0.156881,0.190723,1699.34613,43,36,3.844871,M3
n115,n115,OTU9935,1,0,0,0.000729,2,0.666667,0.75,0,71,51,0.949376,Others
n116,n116,OTU9360,5,0.7,7,0.008425,15,0.135059,0.167359,11,82,94,4.833087,M2
n117,n117,OTU9270,1,0,0,0.000607,1,1,1,0,34,22,0.961538,Others
n118,n118,OTU9625,1,0,0,0.000607,1,1,1,0,35,1,0.978766,Others
n119,n119,OTU10817,2,1,1,0.001511,1,1,1,0,109,123,1.923361,Others
n120,n120,OTU9459,15,0.704762,74,0.496775,12,0.195894,0.271637,318.349915,72,137,14.507418,M1
n121,n121,OTU9231,1,0,0,0.000881,17,0.103727,0.116676,0,39,65,0.97072,M3
n122,n122,OTU968,2,0,0,0.001239,1,1,1,1,36,23,1.936741,Others
n123,n123,OTU8297,6,0.6,9,0.009763,14,0.167924,0.207268,1187.551351,39,65,5.814762,M3
n124,n124,OTU9329,2,0,0,0.001375,17,0.0934,0.104958,333,49,60,1.920224,Others
n125,n125,OTU9303,2,0,0,0.001515,16,0.104735,0.119941,664,37,24,1.918822,Others
n126,n126,OTU3855,5,0.3,3,0.010056,12,0.181818,0.222736,1350.724443,39,36,4.813044,M3
n127,n127,OTU8284,1,0,0,0.000607,1,1,1,0,38,40,0.966667,Others
n128,n128,OTU8991,2,0,0,0.002167,15,0.121014,0.143142,216.310808,43,36,1.916667,M3
n129,n129,OTU5881,1,0,0,0.001013,15,0.129508,0.148344,0,39,65,0.983333,M3
n130,n130,OTU9701,7,0.714286,15,0.012736,18,0.103534,0.133509,176.183333,19,9,6.786488,Others
n131,n131,OTU9409,2,1,1,0.017558,13,0.158896,0.193518,0,81,25,1.93264,M1
n132,n132,OTU9541,6,0.2,3,0.016337,13,0.168517,0.213476,1545.895372,82,86,5.757395,M1
n133,n133,OTU10055,2,1,1,0.001511,1,1,1,0,91,92,1.919325,Others
n134,n134,OTU8202,1,0,0,0.001341,13,0.145915,0.167355,0,49,60,0.953595,Others
n135,n135,OTU9162,1,0,0,0.000607,1,1,1,0,40,73,0.97479,Others
n136,n136,OTU10153,13,0.653846,51,0.424141,11,0.201084,0.268166,165.966258,72,32,12.530541,M1
n137,n137,OTU11384,1,0,0,0.000779,16,0.116376,0.129643,0,82,94,0.953595,M2
n138,n138,OTU8700,1,0,0,0.000607,1,1,1,0,41,89,0.979088,Others
n139,n139,OTU8439,1,0,0,0.000607,1,1,1,0,42,26,0.953983,Others
n140,n140,OTU9589,2,0,0,0.001692,17,0.098554,0.115425,1320,127,87,1.92037,M4
n141,n141,OTU10732,1,0,0,0.000773,16,0.109293,0.121246,0,43,36,0.983333,M3
n142,n142,OTU9220,2,0,0,0.001239,1,1,1,1,44,27,1.945438,Others
n143,n143,OTU8128,1,0,0,0.000607,1,1,1,0,45,69,0.953269,Others
n144,n144,OTU12943,1,0,0,0.000607,1,1,1,0,46,152,0.978803,Others
n145,n145,OTU9494,2,0,0,0.001501,16,0.102928,0.116785,664,49,60,1.907966,Others
n146,n146,OTU11279,4,0.333333,2,0.015128,12,0.166004,0.204359,198.71441,19,55,3.859285,Others
n147,n147,OTU9512,2,0,0,0.001239,1,1,1,1,47,28,1.932357,Others
n148,n148,OTU9376,1,0,0,0.000607,1,1,1,0,48,136,0.966253,Others
n149,n149,OTU6609,2,0,0,0.001555,15,0.11454,0.13112,993,49,60,1.91192,Others
n150,n150,OTU12464,1,0,0,0.000607,1,1,1,0,50,53,0.962034,Others
n151,n151,OTU8257,3,0.333333,1,0.00263,16,0.11178,0.13246,47.833333,67,17,2.902301,Others
n152,n152,OTU10059,3,0.333333,1,0.003782,14,0.146556,0.174675,141.457794,82,86,2.907393,M2
n153,n153,OTU10428,2,0,0,0.001376,4,0.4,0.555556,5,51,138,1.899289,Others
n154,n154,OTU8017,3,0.333333,1,0.002878,15,0.125943,0.14816,259.606209,43,36,2.895685,M3
n155,n155,OTU10902,9,0.527778,19,0.197049,11,0.195436,0.249666,2361.526326,72,16,8.640389,M1
n156,n156,OTU11440,3,0.333333,1,0.002433,2,0.714286,0.8,6,89,106,2.924308,Others
n157,n157,OTU6140,2,1,1,0.001694,19,0.093166,0.107263,0,19,56,1.948696,Others
n158,n158,OTU2561,6,0.266667,4,0.00933,14,0.147137,0.184486,4930.23612,82,94,5.78975,M2
n159,n159,OTU9560,1,0,0,0.000607,1,1,1,0,52,131,0.966421,Others
n160,n160,OTU8848,2,0,0,0.001239,1,1,1,1,53,112,1.940584,Others
n161,n161,OTU11378,1,0,0,0.000729,2,0.666667,0.75,0,92,38,0.974679,Others
n162,n162,OTU11764,4,0.5,3,0.019722,12,0.170148,0.209772,480.881819,39,98,3.881525,Others
n163,n163,OTU8811,3,0.666667,2,0.003767,13,0.145154,0.174606,224.212865,127,95,2.916667,Others
n164,n164,OTU9283,1,0,0,0.000607,1,1,1,0,54,102,0.978849,Others
n165,n165,OTU1125,1,0,0,0.000868,15,0.127725,0.145525,0,55,95,0.987351,Others
n166,n166,OTU8186,2,1,1,0.002086,15,0.130673,0.153387,0,67,17,1.957567,Others
n167,n167,OTU13081,11,0.454545,25,0.150419,12,0.191954,0.256167,1948.384315,81,25,10.588976,M1
n168,n168,OTU9721,1,0,0,0.000607,1,1,1,0,56,128,0.978945,Others
n169,n169,OTU9187,1,0,0,0.000607,1,1,1,0,57,129,0.962352,Others
n170,n170,OTU9418,7,0.428571,9,0.097133,11,0.191514,0.247767,749.916596,72,34,6.726827,Others
n171,n171,OTU8801,3,0.333333,1,0.003173,15,0.136829,0.16292,121.301881,82,86,2.88147,M2
n172,n172,OTU9049,5,0.4,4,0.012324,12,0.174504,0.216148,8305.57951,43,81,4.781627,Others
n173,n173,OTU9093,1,0,0,0.000607,1,1,1,0,58,70,0.957662,Others
n174,n174,OTU8908,1,0,0,0.000607,1,1,1,0,59,130,0.957627,Others
n175,n175,OTU6162,1,0,0,0.000915,3,0.4,0.458333,0,60,46,0.97479,Others
n176,n176,OTU8702,1,0,0,0.000607,1,1,1,0,61,83,0.978912,Others
n177,n177,OTU12837,1,0,0,0.000607,1,1,1,0,62,133,0.979088,Others
n178,n178,OTU11455,1,0,0,0.000894,20,0.076273,0.085658,0,127,87,0.953424,M4
n179,n179,OTU7957,3,0.333333,1,0.002171,1,1,1,2,63,49,2.859286,Others
n180,n180,OTU11568,1,0,0,0.000729,2,0.666667,0.75,0,93,97,0.962352,Others
n181,n181,OTU9422,6,0.266667,4,0.018935,13,0.173237,0.220606,5453.686336,39,65,5.728686,M3
n182,n182,OTU15002,2,1,1,0.012064,12,0.169457,0.200429,0,19,16,1.932259,M2
n183,n183,OTU7137,1,0,0,0.000607,1,1,1,0,64,78,0.970588,Others
n184,n184,OTU11034,6,0.333333,5,0.010735,13,0.168943,0.209951,4959.15457,82,94,5.788823,M2
n185,n185,OTU10262,1,0,0,0.000607,1,1,1,0,21,31,0.974824,Others
n186,n186,OTU14880,2,0,0,0.001513,17,0.10405,0.119462,993,39,65,1.918822,M3
n187,n187,OTU5097,2,0,0,0.001239,1,1,1,1,7,48,1.911965,Others
n188,n188,OTU10796,1,0,0,0.000607,1,1,1,0,110,124,0.953269,Others
n189,n189,OTU10045,1,0,0,0.000607,1,1,1,0,130,162,0.94958,Others
n190,n190,OTU9377,1,0,0,0.000853,2,0.6,0.666667,0,80,90,0.966253,Others
n191,n191,OTU9259,1,0,0,0.000607,1,1,1,0,84,75,0.953983,Others
n192,n192,OTU11483,6,0.6,9,0.009763,14,0.167924,0.207268,1187.551351,39,65,5.739308,M3
n193,n193,OTU9077,1,0,0,0.000761,15,0.117938,0.131075,0,27,32,0.970473,Others
n194,n194,OTU10129,1,0,0,0.000607,1,1,1,0,6,10,0.95,Others
n195,n195,OTU11206,4,0,0,0.002853,3,0.571429,0.708333,18,60,46,3.825821,Others
n196,n196,OTU15592,1,0,0,0.000777,15,0.115892,0.130148,0,37,24,0.965847,Others
n197,n197,OTU9028,1,0,0,0.000607,1,1,1,0,74,57,0.953269,Others
n198,n198,OTU9815,1,0,0,0.000607,1,1,1,0,66,37,0.957627,Others
n199,n199,OTU9430,3,0.666667,2,0.003046,17,0.11411,0.136802,164.5,19,56,2.940578,Others
n200,n200,OTU9118,6,0.333333,5,0.008988,14,0.155856,0.19344,499.080642,82,94,5.777176,M2
n201,n201,OTU10949,1,0,0,0.000742,4,0.4,0.520833,0,31,33,0.966253,Others
n202,n202,OTU8859,2,0,0,0.002241,14,0.138417,0.163642,49.918778,55,95,1.916335,Others
n203,n203,OTU10022,1,0,0,0.000742,18,0.086686,0.095576,0,37,24,0.966421,Others
n204,n204,OTU11634,2,1,1,0.001511,1,1,1,0,91,92,1.919756,Others
n205,n205,OTU10410,4,0.333333,2,0.005596,14,0.13275,0.160182,664.833333,43,81,3.834574,Others
n206,n206,OTU3793,2,0,0,0.001239,1,1,1,1,12,35,1.911533,Others
n207,n207,OTU8318,2,0,0,0.001484,2,0.666667,0.75,4,13,14,1.916667,Others
n208,n208,OTU8122,3,0,0,0.003138,14,0.135442,0.162852,3618.497963,127,87,2.866667,M4
n209,n209,OTU11806,3,0.333333,1,0.002323,3,0.625,0.766667,4,89,106,2.911418,Others
n210,n210,OTU8030,2,0,0,0.001725,16,0.114462,0.133349,1320,82,94,1.915966,Others
n211,n211,OTU11903,5,0.6,6,0.046504,12,0.175236,0.222158,390.022885,73,76,4.878572,M1
n212,n212,OTU10178,1,0,0,0.000853,2,0.6,0.666667,0,80,90,0.94958,Others
n213,n213,OTU10826,2,1,1,0.001511,1,1,1,0,65,82,1.91489,Others
n214,n214,OTU9708,1,0,0,0.000607,1,1,1,0,90,91,0.953131,Others
n215,n215,OTU5870,5,0.5,5,0.008335,19,0.094058,0.118661,200.233333,19,9,4.789809,Others
n216,n216,OTU533,1,0,0,0.000607,1,1,1,0,79,67,0.978622,Others
n217,n217,OTU9547,1,0,0,0.000607,1,1,1,0,83,74,0.965847,Others
n218,n218,OTU11421,1,0,0,0.000743,18,0.087229,0.096419,0,43,81,0.95339,Others
n219,n219,OTU558,3,0,0,0.002202,16,0.115691,0.135679,995,39,65,2.869879,M3
n220,n220,OTU10810,2,0,0,0.001393,16,0.117316,0.132088,333,82,94,1.937421,M2
n221,n221,OTU9551,1,0,0,0.000607,1,1,1,0,142,180,0.96624,Others
n222,n222,OTU10558,4,0.333333,2,0.004506,16,0.128462,0.158956,1968,19,56,3.877445,Others
n223,n223,OTU9196,1,0,0,0.000607,1,1,1,0,5,8,0.962034,Others
n224,n224,OTU9178,6,0.266667,4,0.017258,12,0.195093,0.242108,6017.459625,82,94,5.743305,M2
n225,n225,OTU9145,2,1,1,0.001511,1,1,1,0,65,82,1.911086,Others
n226,n226,OTU8285,13,0.666667,52,0.422221,12,0.189989,0.260802,204.092234,72,25,12.550926,M1
n227,n227,OTU9752,9,0.555556,20,0.16456,12,0.191514,0.250874,2937.661157,81,79,8.660795,M1
n228,n228,OTU9645,3,0.666667,2,0.003255,14,0.139515,0.164165,203.550893,43,36,2.891019,M3
n229,n229,OTU9174,1,0,0,0.000607,1,1,1,0,124,148,0.948857,Others
n230,n230,OTU11380,2,0,0,0.002146,15,0.130469,0.154506,1320,39,65,1.903563,M3
n231,n231,OTU10169,1,0,0,0.001643,15,0.134895,0.155788,0,82,94,0.94958,M2
n232,n232,OTU9528,3,0.333333,1,0.011453,12,0.163166,0.201854,207.126752,127,95,2.866667,Others
n233,n233,OTU9464,4,0.166667,1,0.003166,15,0.123979,0.146863,995,67,79,3.859322,Others
n234,n234,OTU10545,1,0,0,0.000607,1,1,1,0,75,61,0.97479,Others
n235,n235,OTU9139,5,0.6,6,0.007962,15,0.136885,0.168627,173.56755,82,94,4.89542,M2
n236,n236,OTU8544,1,0,0,0.000607,1,1,1,0,3,6,0.966667,Others
n237,n237,OTU10281,1,0,0,0.000607,1,1,1,0,141,179,0.958017,Others
n238,n238,OTU8079,1,0,0,0.000607,1,1,1,0,136,170,0.966667,Others
n239,n239,OTU10468,13,0.717949,56,0.460976,11,0.203534,0.272313,134.177926,72,103,12.563196,M1
n240,n240,OTU8843,1,0,0,0.000607,1,1,1,0,66,37,0.957627,Others
n241,n241,OTU9161,5,0.4,4,0.026221,13,0.173506,0.220883,698.586766,81,25,4.793891,M1
n242,n242,OTU6902,2,0,0,0.001501,16,0.102928,0.116785,664,49,60,1.916667,Others
n243,n243,OTU9147,2,0,0,0.001821,15,0.131652,0.151938,333,82,94,1.907376,M2
n244,n244,OTU8881,3,0.333333,1,0.002475,4,0.45,0.583333,18,29,71,2.869732,Others
n245,n245,OTU12751,3,0.333333,1,0.003082,16,0.111743,0.135749,651.442178,127,87,2.92065,M4
n246,n246,OTU9324,2,0,0,0.001239,1,1,1,1,92,38,1.957584,Others
n247,n247,OTU8907,1,0,0,0.000607,1,1,1,0,131,164,0.983333,Others
n248,n248,OTU8786,9,0.527778,19,0.225812,12,0.192396,0.257126,4550.911192,72,95,8.624703,M1
n249,n249,OTU11125,2,0,0,0.001239,1,1,1,1,117,141,1.945509,Others
n250,n250,OTU9990,1,0,0,0.000741,3,0.5,0.611111,0,16,39,0.966253,Others
n251,n251,OTU15501,5,0.4,4,0.009229,14,0.165347,0.206235,2837.516337,19,94,4.837386,M2
n252,n252,OTU9453,3,0.333333,1,0.00287,14,0.128759,0.150162,333,49,60,2.916315,Others
n253,n253,OTU8003,1,0,0,0.000914,17,0.102769,0.116026,0,82,94,0.953595,Others
n254,n254,OTU11359,21,0.519048,109,0.598005,11,0.212198,0.294664,1773.596987,72,172,20.260783,M1
n255,n255,OTU8440,1,0,0,0.000607,1,1,1,0,38,40,0.966667,Others
n256,n256,OTU8894,1,0,0,0.000607,1,1,1,0,14,41,0.957662,Others
n257,n257,OTU10630,1,0,0,0.000742,20,0.079467,0.087607,0,39,65,0.979088,M3
n258,n258,OTU10533,3,0.333333,1,0.002308,4,0.5,0.680556,8,51,138,2.889937,Others
n259,n259,OTU15407,26,0.510769,166,0.801551,11,0.211929,0.303537,2083.778727,72,109,25.159194,M1
n260,n260,OTU3862,2,1,1,0.001817,16,0.110377,0.125962,0,67,79,1.974467,Others
n261,n261,OTU9570,1,0,0,0.000729,2,0.666667,0.75,0,93,97,0.961769,Others
n262,n262,OTU9993,1,0,0,0.000607,1,1,1,0,9,12,0.953983,Others
n263,n263,OTU9328,1,0,0,0.000607,1,1,1,0,146,185,0.94958,Others
n264,n264,OTU9069,27,0.532764,187,0.846686,11,0.211929,0.303461,1179.382981,72,30,26.146908,M1
n265,n265,OTU9065,1,0,0,0.000771,18,0.0934,0.104551,0,82,94,0.949289,Others
n266,n266,OTU10322,1,0,0,0.000607,1,1,1,0,121,145,0.970588,Others
n267,n267,OTU8402,1,0,0,0.000607,1,1,1,0,96,101,0.94958,Others
n268,n268,OTU4126,1,0,0,0.000607,1,1,1,0,77,63,0.974824,Others
n269,n269,OTU8800,9,0.583333,21,0.21914,12,0.177001,0.230723,665,72,42,8.64891,M1
n270,n270,OTU8246,1,0,0,0.000607,1,1,1,0,85,77,0.958017,Others
n271,n271,OTU8873,21,0.609524,128,0.680006,11,0.208359,0.289123,560.145436,72,42,20.319865,M1
n272,n272,OTU10668,1,0,0,0.000607,1,1,1,0,68,47,0.953983,Others
n273,n273,OTU9191,1,0,0,0.000729,2,0.666667,0.75,0,76,62,0.95,Others
n274,n274,OTU10662,1,0,0,0.000741,3,0.5,0.611111,0,18,43,0.96192,Others
n275,n275,OTU11048,1,0,0,0.000607,1,1,1,0,23,44,0.991561,Others
n276,n276,OTU11288,1,0,0,0.000607,1,1,1,0,25,45,0.974576,Others
n277,n277,OTU11280,30,0.54023,235,1,11,0.216883,0.315166,1383.968135,72,171,29.035783,M1
n278,n278,OTU8380,2,0,0,0.001239,1,1,1,1,135,169,1.898528,Others
n279,n279,OTU11176,3,0,0,0.002521,2,0.615385,0.6875,19,60,46,2.873541,Others
n280,n280,OTU9250,1,0,0,0.000607,1,1,1,0,95,100,0.979088,Others
n281,n281,OTU758,10,0.333333,15,0.016131,14,0.154701,0.201099,2796.417484,82,94,9.68691,M2
n282,n282,OTU127,1,0,0,0.000607,1,1,1,0,70,52,0.957455,Others
n283,n283,OTU10220,2,1,1,0.0018,19,0.08253,0.095114,0,127,87,1.966208,M4
n284,n284,OTU15075,4,0.166667,1,0.00449,14,0.149374,0.180109,522.542206,82,86,3.828341,M2
n285,n285,OTU11154,1,0,0,0.000607,1,1,1,0,118,142,0.97479,Others
n286,n286,OTU8790,1,0,0,0.000607,1,1,1,0,69,50,0.979088,Others
n287,n287,OTU9121,1,0,0,0.000729,2,0.666667,0.75,0,113,134,0.987351,Others
n288,n288,OTU15424,1,0,0,0.000607,1,1,1,0,68,47,0.953983,Others
n289,n289,OTU12498,1,0,0,0.000607,1,1,1,0,105,119,0.978849,Others
n290,n290,OTU3899,1,0,0,0.000729,2,0.666667,0.75,0,7,48,0.949613,Others
n291,n291,OTU8430,1,0,0,0.000777,15,0.12141,0.136232,0,81,25,0.962034,Others
n292,n292,OTU12377,1,0,0,0.004929,13,0.149776,0.174006,0,72,34,0.953424,M1
n293,n293,OTU9359,1,0,0,0.000741,3,0.5,0.611111,0,28,58,0.95339,Others
n294,n294,OTU9062,4,0.333333,2,0.005561,14,0.154344,0.188451,1094.274529,82,86,3.832432,M2
n295,n295,OTU9770,1,0,0,0.001312,14,0.136773,0.156525,0,73,76,0.953781,M1
n296,n296,OTU10204,2,1,1,0.001648,2,0.75,0.833333,0,63,49,1.919595,Others
n297,n297,OTU10912,2,0,0,0.001824,17,0.098729,0.116857,664,127,87,1.920224,M4
n298,n298,OTU11172,1,0,0,0.000741,3,0.5,0.611111,0,139,176,0.98305,Others
n299,n299,OTU9520,1,0,0,0.00114,14,0.130469,0.148426,0,39,98,0.957814,Others
n300,n300,OTU10155,6,0.4,6,0.00842,13,0.150654,0.185782,1690.216667,43,81,5.794661,Others
n301,n301,OTU9035,1,0,0,0.000729,2,0.666667,0.75,0,133,167,0.949289,Others
n302,n302,OTU9552,1,0,0,0.000879,2,0.6,0.666667,0,63,49,0.948753,Others
n303,n303,OTU8911,2,1,1,0.001511,1,1,1,0,0,0,1.962421,Others
n304,n304,OTU9925,1,0,0,0.000607,1,1,1,0,115,139,0.953269,Others
n305,n305,OTU14165,6,0.4,6,0.016663,13,0.166418,0.209162,438.289692,81,25,5.764555,M1
n306,n306,OTU3465,22,0.463203,107,0.570445,11,0.216883,0.300557,2970.682607,81,72,21.164025,M1
n307,n307,OTU8508,1,0,0,0.000607,1,1,1,0,69,50,0.979088,Others
n308,n308,OTU9176,6,0.266667,4,0.009334,13,0.168177,0.209523,2222.504575,39,36,5.768992,M3
n309,n309,OTU9136,2,0,0,0.001239,1,1,1,1,71,51,1.915512,Others
n310,n310,OTU10884,4,0.5,3,0.006944,13,0.160731,0.196937,215.820916,39,36,3.818837,M3
n311,n311,OTU9429,1,0,0,0.000607,1,1,1,0,70,52,0.957455,Others
n312,n312,OTU8370,1,0,0,0.000607,1,1,1,0,78,64,0.961769,Others
n313,n313,OTU8689,2,0,0,0.00165,18,0.0934,0.106524,166,82,94,1.928663,Others
n314,n314,OTU9995,4,0.5,3,0.006788,13,0.160115,0.195369,333,39,36,3.873726,M3
n315,n315,OTU8541,1,0,0,0.000741,3,0.5,0.611111,0,32,54,0.95,Others
n316,n316,OTU9301,1,0,0,0.000607,1,1,1,0,50,53,0.962034,Others
n317,n317,OTU8957,4,1,6,0.007848,18,0.10331,0.127271,0,19,9,3.847531,Others
n318,n318,OTU6802,1,0,0,0.000756,4,0.384615,0.483333,0,89,106,0.979088,Others
n319,n319,OTU10972,3,0.666667,2,0.003177,15,0.117399,0.140745,660.701019,127,87,2.890461,M4
n320,n320,OTU1771,1,0,0,0.000729,2,0.666667,0.75,0,71,51,0.966136,Others
n321,n321,OTU9269,2,0,0,0.0025,13,0.142309,0.167353,47.902056,43,36,1.928403,M3
n322,n322,OTU10063,2,0,0,0.001362,2,0.75,0.833333,2,32,54,1.903983,Others
n323,n323,OTU8616,4,0.5,3,0.005444,14,0.134623,0.163864,449.541396,43,81,3.841491,Others
n324,n324,OTU9980,1,0,0,0.000607,1,1,1,0,137,173,0.956847,Others
n325,n325,OTU8460,5,0.7,7,0.008425,15,0.135059,0.167359,11,82,94,4.833087,M2
n326,n326,OTU4122,3,0.666667,2,0.004159,13,0.152025,0.178529,24.906657,19,55,2.884296,Others
n327,n327,OTU7244,1,0,0,0.000741,3,0.5,0.611111,0,16,39,0.953781,Others
n328,n328,OTU6637,3,0.666667,2,0.003322,15,0.138532,0.166407,80.788833,82,86,2.88147,M2
n329,n329,OTU12251,5,0.1,1,0.010988,13,0.180346,0.223555,5574.269025,19,16,4.77065,M2
n330,n330,OTU8413,1,0,0,0.011219,13,0.15045,0.178059,0,72,42,0.966667,M1
n331,n331,OTU8971,27,0.566952,199,0.91443,11,0.216461,0.310675,1017.493688,72,2,26.215086,M1
n332,n332,OTU3743,1,0,0,0.000607,1,1,1,0,129,153,0.949613,Others
n333,n333,OTU9001,1,0,0,0.000729,2,0.666667,0.75,0,113,134,0.966421,Others
n334,n334,OTU11155,2,0,0,0.001374,3,0.571429,0.708333,3,13,14,1.933333,Others
n335,n335,OTU11270,1,0,0,0.000607,1,1,1,0,150,189,0.965966,Others
n336,n336,OTU9323,5,0.5,5,0.011125,13,0.16551,0.201848,298.974744,73,76,4.857859,M1
n337,n337,OTU9468,1,0,0,0.000607,1,1,1,0,134,168,0.953407,Others
n338,n338,OTU9316,4,0.166667,1,0.003489,16,0.114698,0.138467,1324,82,94,3.848627,Others
n339,n339,OTU10584,2,1,1,0.002051,18,0.10258,0.119544,0,19,56,1.945185,Others
n340,n340,OTU11073,1,0,0,0.001125,15,0.130012,0.148161,0,82,86,0.966421,M2
n341,n341,OTU10106,1,0,0,0.000607,1,1,1,0,74,57,0.953269,Others
n342,n342,OTU9064,3,0,0,0.030315,12,0.174504,0.218856,415.550682,72,98,2.878808,Others
n343,n343,OTU8315,1,0,0,0.000741,3,0.5,0.611111,0,28,58,0.966667,Others
n344,n344,OTU11391,1,0,0,0.000774,18,0.104867,0.117317,0,19,56,0.965517,M2
n345,n345,OTU10599,3,0.333333,1,0.002658,15,0.124441,0.147163,641.569455,67,17,2.890223,Others
n346,n346,OTU8403,1,0,0,0.000607,1,1,1,0,104,116,0.952869,Others
n347,n347,OTU8939,1,0,0,0.000607,1,1,1,0,148,188,0.979088,Others
n348,n348,OTU9210,1,0,0,0.000607,1,1,1,0,30,59,0.953983,Others
n349,n349,OTU10278,1,0,0,0.000607,1,1,1,0,98,108,0.94958,Others
n350,n350,OTU8882,1,0,0,0.001005,4,0.380952,0.458333,0,60,46,0.974824,Others
n351,n351,OTU8228,2,1,1,0.00204,15,0.127627,0.147641,0,37,24,1.945329,Others
n352,n352,OTU10821,1,0,0,0.000941,15,0.11411,0.127656,0,49,60,0.958017,Others
n353,n353,OTU7984,1,0,0,0.000607,1,1,1,0,75,61,0.97479,Others
n354,n354,OTU8850,2,0,0,0.001239,1,1,1,1,76,62,1.9,Others
n355,n355,OTU10413,2,1,1,0.001662,5,0.375,0.547222,0,51,138,1.898766,Others
n356,n356,OTU14689,1,0,0,0.000607,1,1,1,0,101,113,0.961453,Others
n357,n357,OTU9546,16,0.383333,46,0.360164,12,0.204782,0.283754,3878.944958,81,155,15.328053,M1
n358,n358,OTU9939,1,0,0,0.000607,1,1,1,0,116,140,0.978945,Others
n359,n359,OTU9454,1,0,0,0.000607,1,1,1,0,77,63,0.974824,Others
n360,n360,OTU6772,1,0,0,0.000607,1,1,1,0,78,64,0.961769,Others
n361,n361,OTU8004,4,0.166667,1,0.004461,15,0.129107,0.158434,2623,82,94,3.840718,Others
n362,n362,OTU11598,4,1,6,0.006336,14,0.146043,0.173083,0,39,65,3.895423,M3
n363,n363,OTU9592,3,1,3,0.005575,15,0.134137,0.16125,0,82,94,2.85,M2
n364,n364,OTU9110,3,0.333333,1,0.002585,16,0.114501,0.135224,333,82,94,2.89484,Others
n365,n365,OTU14842,1,0,0,0.000729,2,0.666667,0.75,0,135,169,0.949153,Others
n366,n366,OTU13743,1,0,0,0.001033,16,0.11034,0.124465,0,67,79,0.9573,Others
n367,n367,OTU10248,1,0,0,0.000607,1,1,1,0,126,150,0.962352,Others
n368,n368,OTU5150,1,0,0,0.000607,1,1,1,0,10,13,0.961243,Others
n369,n369,OTU9452,3,0.333333,1,0.003985,14,0.148709,0.179785,333,39,65,2.883333,M3
n370,n370,OTU1638,2,0,0,0.002098,14,0.133227,0.15868,247.026151,37,24,1.944458,Others
n371,n371,OTU10480,9,0.388889,14,0.154338,12,0.190313,0.251981,4825.759128,72,95,8.65793,M1
n372,n372,OTU9898,3,0.333333,1,0.002324,19,0.082551,0.096611,333,127,87,2.902647,M4
n373,n373,OTU11178,1,0,0,0.000607,1,1,1,0,94,99,0.953424,Others
n374,n374,OTU10894,1,0,0,0.000782,16,0.105031,0.117257,0,43,81,0.966387,Others
n375,n375,OTU10501,1,0,0,0.000607,1,1,1,0,79,67,0.978622,Others
n376,n376,OTU9135,3,0,0,0.001895,1,1,1,3,80,90,2.878185,Others
n377,n377,OTU8646,4,0.333333,2,0.062178,12,0.184123,0.232021,2042.50976,72,36,3.833001,M3
n378,n378,OTU9817,2,0,0,0.001968,14,0.138131,0.160994,333,81,25,1.91122,Others
n379,n379,OTU11779,2,1,1,0.001511,1,1,1,0,109,123,1.948676,Others
n380,n380,OTU8931,1,0,0,0.000607,1,1,1,0,45,69,0.953269,Others
n381,n381,OTU11286,1,0,0,0.000742,18,0.085444,0.093679,0,49,60,0.96624,Others
n382,n382,OTU15630,1,0,0,0.000607,1,1,1,0,58,70,0.957662,Others
n383,n383,OTU9723,1,0,0,0.000607,1,1,1,0,123,147,0.966421,Others
n384,n384,OTU11177,1,0,0,0.000607,1,1,1,0,112,126,0.953983,Others
n385,n385,OTU10550,1,0,0,0.000607,1,1,1,0,103,115,0.966253,Others
n386,n386,OTU10617,7,0.333333,7,0.011958,13,0.179377,0.224511,3266.207697,82,94,6.765399,M2
n387,n387,OTU6662,1,0,0,0.000607,1,1,1,0,108,122,0.95,Others
n388,n388,OTU7981,2,0,0,0.001999,14,0.129007,0.150062,1320,49,60,1.899227,Others
n389,n389,OTU8875,3,0.333333,1,0.002613,4,0.473684,0.601852,20,29,71,2.882947,Others
n390,n390,OTU9276,6,0.6,9,0.136575,12,0.187957,0.24313,323.637548,81,79,5.773465,M1
n391,n391,OTU8799,3,0.333333,1,0.002678,16,0.109832,0.13133,333,127,87,2.9,M4
n392,n392,OTU8668,9,0.277778,10,0.040434,13,0.177188,0.2323,1233.887898,81,25,8.696557,M1
n393,n393,OTU9166,5,0.6,6,0.007962,15,0.136885,0.168627,173.56755,82,94,4.882246,M2
n394,n394,OTU8139,1,0,0,0.000607,1,1,1,0,97,104,0.953424,Others
n395,n395,OTU4198,1,0,0,0.001989,14,0.141465,0.165807,0,55,95,0.952701,Others
n396,n396,OTU10014,1,0,0,0.000607,1,1,1,0,86,80,0.953983,Others
n397,n397,OTU8501,1,0,0,0.000607,1,1,1,0,87,84,0.961243,Others
n398,n398,OTU9859,6,0.866667,13,0.011395,18,0.10347,0.131513,1.15,19,9,5.785581,Others
n399,n399,OTU9782,1,0,0,0.000607,1,1,1,0,40,73,0.97479,Others
n400,n400,OTU8967,2,1,1,0.001511,1,1,1,0,88,85,1.941491,Others
n401,n401,OTU12038,3,0,0,0.002567,15,0.130214,0.154897,450.69308,37,24,2.888507,Others
n402,n402,OTU10552,17,0.669118,91,0.559877,11,0.207841,0.281968,468.256073,72,34,16.42774,M1
n403,n403,OTU8360,1,0,0,0.000607,1,1,1,0,83,74,0.965847,Others
n404,n404,OTU9683,1,0,0,0.000607,1,1,1,0,84,75,0.953983,Others
n405,n405,OTU9224,1,0,0,0.000729,2,0.666667,0.75,0,36,23,0.983333,Others
n406,n406,OTU8639,4,0.666667,4,0.045352,12,0.175052,0.220162,97.825257,73,76,3.862421,M1
n407,n407,OTU9184,1,0,0,0.000729,2,0.666667,0.75,0,140,177,0.95,Others
n408,n408,OTU11242,1,0,0,0.000607,1,1,1,0,145,184,0.979088,Others
n409,n409,OTU9653,2,1,1,0.00206,16,0.114462,0.133727,0,82,94,1.941491,Others
n410,n410,OTU10549,5,0.1,1,0.007868,13,0.149307,0.185823,575.654058,55,95,4.769931,Others
n411,n411,OTU8686,3,1,3,0.005233,13,0.149978,0.179045,0,43,81,2.878667,Others
n412,n412,OTU11536,1,0,0,0.000607,1,1,1,0,106,120,0.97479,Others
n413,n413,OTU8998,1,0,0,0.000607,1,1,1,0,119,143,0.953983,Others
n414,n414,OTU8535,1,0,0,0.000975,15,0.13254,0.149631,0,82,94,0.979088,M2
n415,n415,OTU8240,1,0,0,0.000607,1,1,1,0,85,77,0.958017,Others
n416,n416,OTU11495,2,1,1,0.00213,2,0.6,0.666667,0,149,117,1.945755,Others
n417,n417,OTU9496,1,0,0,0.000607,1,1,1,0,114,135,0.966667,Others
n418,n418,OTU8767,1,0,0,0.000607,1,1,1,0,128,151,0.96624,Others
n419,n419,OTU11292,4,0.333333,2,0.005467,13,0.150586,0.184354,1453.142857,37,24,3.868247,Others
n420,n420,OTU10983,1,0,0,0.000607,1,1,1,0,64,78,0.970588,Others
n421,n421,OTU8395,2,1,1,0.001846,16,0.111074,0.128297,0,67,17,1.924068,Others
n422,n422,OTU7989,2,0,0,0.001999,14,0.129007,0.150062,1320,49,60,1.92384,Others
n423,n423,OTU10444,1,0,0,0.000742,4,0.4,0.520833,0,13,14,0.953407,Others
n424,n424,OTU8904,1,0,0,0.000741,3,0.5,0.611111,0,139,176,0.961899,Others
n425,n425,OTU9901,1,0,0,0.000607,1,1,1,0,86,80,0.953983,Others
n426,n426,OTU8530,1,0,0,0.000925,17,0.098992,0.112835,0,127,87,0.95,M4
n427,n427,OTU9366,1,0,0,0.001956,19,0.093873,0.111176,0,19,9,0.953983,Others
n428,n428,OTU9664,2,1,1,0.001511,1,1,1,0,65,82,1.902178,Others
n429,n429,OTU13375,1,0,0,0.000607,1,1,1,0,61,83,0.978912,Others
n430,n430,OTU11596,24,0.539855,149,0.74463,11,0.211929,0.299367,1233.483923,81,166,23.125969,M1
n431,n431,OTU8387,1,0,0,0.000607,1,1,1,0,87,84,0.961243,Others
n432,n432,OTU9344,2,1,1,0.001511,1,1,1,0,88,85,1.932841,Others
n433,n433,OTU5675,2,1,1,0.001849,17,0.102959,0.11892,0,82,94,1.92419,Others
n434,n434,OTU9155,3,0.333333,1,0.004666,14,0.157622,0.191167,417.357964,82,86,2.85,M2
n435,n435,OTU11474,2,0,0,0.002406,14,0.145281,0.169236,35.480867,19,55,1.909666,Others
n436,n436,OTU10134,1,0,0,0.000607,1,1,1,0,102,114,0.94958,Others
n437,n437,OTU8620,3,0,0,0.003123,14,0.141107,0.169134,2244.902788,67,79,2.865139,Others
n438,n438,OTU14985,3,0.666667,2,0.002869,15,0.11349,0.132772,0.5,127,87,2.895221,M4
n439,n439,OTU10899,2,0,0,0.001393,17,0.095538,0.108553,333,43,81,1.949179,Others
n440,n440,OTU9487,12,0.378788,25,0.22001,12,0.192952,0.261578,2236.561345,81,186,11.544066,M1
n441,n441,OTU8609,2,1,1,0.002178,15,0.113451,0.131275,0,127,87,1.916335,M4
n442,n442,OTU9931,2,0,0,0.002453,15,0.128808,0.152845,1645,82,94,1.92842,Others
n443,n443,OTU9600,1,0,0,0.000755,18,0.094058,0.104409,0,39,65,0.953983,M3
n444,n444,OTU6638,1,0,0,0.000607,1,1,1,0,17,88,0.966387,Others
n445,n445,OTU8927,2,0,0,0.001511,3,0.5,0.611111,8,51,138,1.915136,Others
n446,n446,OTU11219,1,0,0,0.000607,1,1,1,0,41,89,0.979088,Others
n447,n447,OTU12553,3,0.333333,1,0.003925,14,0.148908,0.178106,172.524518,82,86,2.907857,M2
n448,n448,OTU11644,1,0,0,0.000853,2,0.6,0.666667,0,80,90,0.962352,Others
n449,n449,OTU8856,20,0.626316,119,0.663387,12,0.193623,0.276941,457.644596,72,175,19.285716,M1
n450,n450,OTU10612,25,0.593333,178,0.826533,11,0.205792,0.294345,681.984877,72,20,24.273827,M1
n451,n451,OTU8989,1,0,0,0.001317,2,0.545455,0.583333,0,149,117,0.966667,Others
n452,n452,OTU8271,4,0.5,3,0.019722,12,0.170148,0.209772,480.881819,39,98,3.85321,Others
n453,n453,OTU8565,1,0,0,0.000607,1,1,1,0,100,111,0.97479,Others
n454,n454,OTU8867,2,0,0,0.001526,3,0.555556,0.666667,4,89,106,1.945475,Others
n455,n455,OTU9312,4,0.333333,2,0.004218,16,0.132487,0.159622,664.5,19,56,3.86829,M2
n456,n456,OTU10208,4,0.166667,1,0.003408,15,0.131238,0.158341,1030.430545,67,17,3.886335,Others
n457,n457,OTU11730,1,0,0,0.000607,1,1,1,0,90,91,0.953131,Others
n458,n458,OTU11116,2,0,0,0.001555,15,0.11454,0.13112,993,49,60,1.903597,Others
n459,n459,OTU10250,2,1,1,0.001511,1,1,1,0,91,92,1.924271,Others
n460,n460,OTU10175,2,0,0,0.001685,17,0.102991,0.119419,333,82,94,1.898902,Others
n461,n461,OTU11148,1,0,0,0.000742,4,0.4,0.520833,0,22,93,0.95339,Others
n462,n462,OTU9421,19,0.508772,87,0.539583,11,0.211259,0.289313,3102.080839,72,107,18.331708,M1
n463,n463,OTU2417,4,0.166667,1,0.004246,14,0.146107,0.176893,1538.714548,37,24,3.843267,Others
n464,n464,OTU10966,1,0,0,0.000607,1,1,1,0,1,3,0.957814,Others
n465,n465,OTU3596,4,0.166667,1,0.00369,16,0.109365,0.134395,1390.917159,127,87,3.827815,M4
n466,n466,OTU11138,1,0,0,0.000729,2,0.666667,0.75,0,92,38,0.982905,Others
n467,n467,OTU15618,3,0.333333,1,0.002637,18,0.102674,0.122039,664,19,56,2.870775,Others
n468,n468,OTU9126,4,0.5,3,0.032194,13,0.172254,0.214677,1234.419364,81,25,3.81527,M1
n469,n469,OTU8667,2,0,0,0.001718,15,0.13275,0.152376,664,82,94,1.933333,M2
n470,n470,OTU10719,2,0,0,0.002024,15,0.130571,0.154178,1645,39,65,1.92037,M3
n471,n471,OTU9630,5,0.6,6,0.008563,15,0.134298,0.164743,3,82,94,4.829088,M2
n472,n472,OTU10241,2,1,1,0.002933,20,0.086082,0.103465,0,19,9,1.91762,Others
n473,n473,OTU9037,3,0.666667,2,0.003523,13,0.146878,0.173735,321,49,60,2.92849,Others
n474,n474,OTU12639,2,0,0,0.002758,13,0.148115,0.174441,155.980426,39,98,1.903597,Others
n475,n475,OTU9142,1,0,0,0.001393,14,0.129961,0.151015,0,55,95,0.953983,Others
n476,n476,OTU11406,5,0.3,3,0.040095,13,0.17414,0.223378,2606.430545,81,186,4.823028,Others
n477,n477,OTU11565,1,0,0,0.000607,1,1,1,0,4,7,0.965802,Others
n478,n478,OTU10050,2,0,0,0.001239,1,1,1,1,93,97,1.924121,Others
n479,n479,OTU10838,2,0,0,0.001405,18,0.08993,0.104187,333,127,87,1.915529,M4
n480,n480,OTU10392,2,0,0,0.001375,17,0.0934,0.104958,333,49,60,1.945755,Others
n481,n481,OTU10406,4,0.166667,1,0.005156,13,0.149978,0.180102,463.744065,39,98,3.806194,Others
n482,n482,OTU13965,1,0,0,0.000607,1,1,1,0,94,99,0.953424,Others
n483,n483,OTU15572,2,0,0,0.001239,1,1,1,1,132,165,1.93661,Others
n484,n484,OTU9198,1,0,0,0.000607,1,1,1,0,95,100,0.979088,Others
n485,n485,OTU8951,1,0,0,0.000607,1,1,1,0,96,101,0.94958,Others
n486,n486,OTU9392,3,0.666667,2,0.003385,15,0.117689,0.138692,2,43,81,2.91981,Others
n487,n487,OTU10073,1,0,0,0.000607,1,1,1,0,54,102,0.978849,Others
n488,n488,OTU9730,1,0,0,0.000729,2,0.666667,0.75,0,132,165,0.962034,Others
n489,n489,OTU11557,1,0,0,0.000729,2,0.666667,0.75,0,8,11,0.962352,Others
n490,n490,OTU9031,10,0.6,27,0.264917,12,0.190422,0.254892,601.610297,72,95,9.651942,M1
n491,n491,OTU9717,5,0.6,6,0.086467,12,0.176067,0.220693,333,72,34,4.810881,M1
n492,n492,OTU8177,1,0,0,0.000607,1,1,1,0,97,104,0.953424,Others
n493,n493,OTU7960,2,1,1,0.001511,1,1,1,0,99,105,1.91872,Others
n494,n494,OTU8410,1,0,0,0.000607,1,1,1,0,111,125,0.953407,Others
n495,n495,OTU10947,2,1,1,0.001799,3,0.555556,0.666667,0,89,106,1.936824,Others
n496,n496,OTU8454,5,0.7,7,0.091473,11,0.191624,0.237101,64.192787,72,161,4.856324,M1
n497,n497,OTU8261,1,0,0,0.012979,12,0.173057,0.203868,0,72,178,0.95,M1
n498,n498,OTU10769,1,0,0,0.000607,1,1,1,0,98,108,0.94958,Others
n499,n499,OTU10429,2,1,1,0.001511,1,1,1,0,99,105,1.918563,Others
n500,n500,OTU8011,1,0,0,0.000743,17,0.105031,0.115211,0,82,94,0.987421,M2
n501,n501,OTU8590,3,1,3,0.0066,14,0.15079,0.182615,0,81,25,2.907199,M1
n502,n502,OTU11108,9,0.527778,19,0.172698,12,0.188594,0.250968,822.231396,81,25,8.642839,M1
n503,n503,OTU9841,28,0.529101,200,0.914798,10,0.227986,0.320941,10235.54367,72,156,26.992898,M1
n504,n504,OTU9869,8,0.75,21,0.219793,12,0.178514,0.232357,69.267414,72,42,7.715549,M1
n505,n505,OTU4005,4,0.333333,2,0.005949,13,0.164776,0.197985,873.098579,19,16,3.830898,M2
n506,n506,OTU8272,2,0,0,0.001374,3,0.571429,0.708333,3,31,33,1.91417,Others
n507,n507,OTU11166,2,0,0,0.003169,13,0.14924,0.177225,333,72,161,1.89916,Others
n508,n508,OTU9257,1,0,0,0.000934,15,0.116174,0.130728,0,127,95,0.953983,Others
n509,n509,OTU15449,1,0,0,0.000607,1,1,1,0,100,111,0.97479,Others
n510,n510,OTU8915,1,0,0,0.000607,1,1,1,0,2,5,0.962185,Others
n511,n511,OTU9545,4,0.166667,1,0.004989,13,0.158594,0.189773,361.818981,19,55,3.843343,Others
n512,n512,OTU10320,2,0,0,0.001849,16,0.109008,0.128816,1645,127,87,1.92065,M4
n513,n513,OTU9261,1,0,0,0.000729,2,0.666667,0.75,0,53,112,0.987315,Others
n514,n514,OTU8242,1,0,0,0.000607,1,1,1,0,107,121,0.952701,Others
n515,n515,OTU9151,1,0,0,0.000607,1,1,1,0,101,113,0.961453,Others
n516,n516,OTU10806,2,0,0,0.001374,3,0.571429,0.708333,3,13,14,1.920074,Others
n517,n517,OTU12176,1,0,0,0.000607,1,1,1,0,102,114,0.94958,Others
n518,n518,OTU9229,2,1,1,0.002987,16,0.120491,0.140348,0,82,94,1.92037,M2
n519,n519,OTU12333,1,0,0,0.000607,1,1,1,0,103,115,0.966253,Others
n520,n520,OTU12105,3,0.666667,2,0.005804,14,0.152164,0.183392,19.77381,82,94,2.87673,M2
n521,n521,OTU8870,1,0,0,0.000607,1,1,1,0,104,116,0.952869,Others
n522,n522,OTU8075,2,1,1,0.001817,16,0.110377,0.125962,0,67,79,1.948825,Others
n523,n523,OTU11241,2,0,0,0.001651,5,0.375,0.503704,14,29,71,1.90613,Others
n524,n524,OTU9047,2,1,1,0.00213,2,0.6,0.666667,0,149,117,1.94144,Others
n525,n525,OTU10477,1,0,0,0.000607,1,1,1,0,120,144,0.953983,Others
n526,n526,OTU8940,7,0.428571,9,0.098718,12,0.19555,0.251702,5415.978381,81,16,6.68236,M1
n527,n527,OTU10226,6,0.2,3,0.004907,1,1,1,11.5,149,117,5.748895,Others
n528,n528,OTU12005,12,0.378788,25,0.248839,11,0.209142,0.27369,2962.185114,72,178,11.444071,M1
n529,n529,OTU9839,4,0.166667,1,0.009111,12,0.170757,0.20856,4799,49,60,3.848141,Others
n530,n530,OTU9672,1,0,0,0.000607,1,1,1,0,105,119,0.978849,Others
n531,n531,OTU9747,2,1,1,0.001511,1,1,1,0,122,146,1.953983,Others
n532,n532,OTU8948,2,1,1,0.001849,17,0.102959,0.11892,0,82,94,1.924438,Others
n533,n533,OTU10887,1,0,0,0.000607,1,1,1,0,106,120,0.97479,Others
n534,n534,OTU9411,1,0,0,0.000607,1,1,1,0,107,121,0.952701,Others
n535,n535,OTU11175,1,0,0,0.000742,4,0.4,0.520833,0,22,93,0.949613,Others
n536,n536,OTU9880,2,0,0,0.002124,15,0.130724,0.151691,1,82,86,1.927873,M2
n537,n537,OTU7962,2,1,1,0.00227,2,0.6,0.666667,0,149,117,1.916017,Others
n538,n538,OTU8862,1,0,0,0.000607,1,1,1,0,108,122,0.95,Others
n539,n539,OTU9957,5,0.6,6,0.009243,13,0.172254,0.21161,939.297619,82,94,4.807774,M2
n540,n540,OTU10374,1,0,0,0.000729,2,0.666667,0.75,0,47,28,0.953269,Others
n541,n541,OTU9732,27,0.532764,187,0.846686,11,0.211929,0.303461,1179.382981,72,160,26.146908,M1
n542,n542,OTU10489,4,0.5,3,0.009168,12,0.165757,0.200447,273.302222,19,55,3.860816,Others
n543,n543,OTU10958,4,0.333333,2,0.004205,14,0.129307,0.1566,1868.485371,127,87,3.849211,M4
n544,n544,OTU14206,2,1,1,0.001511,1,1,1,0,109,123,1.923688,Others
n545,n545,OTU9009,1,0,0,0.000607,1,1,1,0,144,183,0.953009,Others
n546,n546,OTU11578,1,0,0,0.000607,1,1,1,0,110,124,0.953269,Others
n547,n547,OTU8895,1,0,0,0.000607,1,1,1,0,111,125,0.953407,Others
n548,n548,OTU9074,1,0,0,0.000607,1,1,1,0,112,126,0.953983,Others
n549,n549,OTU8804,2,0,0,0.001648,3,0.545455,0.638889,9,51,138,1.915,Others
n550,n550,OTU8731,1,0,0,0.000742,18,0.085444,0.093679,0,49,60,0.979088,Others
n551,n551,OTU11149,5,0.3,3,0.004728,14,0.127871,0.155385,993.5,127,87,4.803126,M4
n552,n552,OTU10420,7,0.52381,11,0.011999,18,0.103566,0.134008,725.133333,19,9,6.701231,Others
n553,n553,OTU8921,3,0.333333,1,0.002339,6,0.346154,0.531481,8,29,71,2.864984,Others
n554,n554,OTU15027,6,0.4,6,0.035354,13,0.173416,0.221268,526.604106,73,76,5.812159,M1
n555,n555,OTU8170,1,0,0,0.000607,1,1,1,0,56,128,0.978945,Others
n556,n556,OTU8404,2,1,1,0.003646,13,0.145534,0.169301,0,39,98,1.949702,Others
n557,n557,OTU10139,1,0,0,0.000607,1,1,1,0,57,129,0.962352,Others
n558,n558,OTU9020,6,0.133333,2,0.03116,12,0.175144,0.223715,3928.003225,72,161,5.725496,Others
n559,n559,OTU12099,1,0,0,0.000607,1,1,1,0,59,130,0.957627,Others
n560,n560,OTU9587,30,0.524138,228,0.985447,11,0.220317,0.31809,3719.281257,72,66,29.03137,M1
n561,n561,OTU1691,2,0,0,0.001389,6,0.3,0.442593,8,29,71,1.907048,Others
n562,n562,OTU8993,1,0,0,0.000607,1,1,1,0,52,131,0.966421,Others
n563,n563,OTU10999,1,0,0,0.000741,3,0.5,0.611111,0,32,54,0.962352,Others
n564,n564,OTU8794,1,0,0,0.000607,1,1,1,0,125,149,0.949613,Others
n565,n565,OTU3937,2,1,1,0.002668,16,0.13233,0.156129,0,19,56,1.91624,M2
n566,n566,OTU7988,8,0.714286,20,0.221439,12,0.18162,0.234143,996.35312,72,32,7.702181,M1
n567,n567,OTU9461,1,0,0,0.000607,1,1,1,0,62,133,0.979088,Others
n568,n568,OTU922,2,0,0,0.001239,1,1,1,1,113,134,1.953771,Others
n569,n569,OTU9030,1,0,0,0.000729,2,0.666667,0.75,0,53,112,0.953269,Others
n570,n570,OTU9778,2,1,1,0.001662,5,0.375,0.547222,0,51,138,1.941245,Others
n571,n571,OTU9347,1,0,0,0.001268,14,0.138074,0.158504,0,39,36,0.957814,M3
n572,n572,OTU11496,1,0,0,0.000607,1,1,1,0,114,135,0.966667,Others
n573,n573,OTU10629,1,0,0,0.001413,20,0.085994,0.100721,0,19,9,0.957061,Others
n574,n574,OTU9263,1,0,0,0.000607,1,1,1,0,48,136,0.966253,Others
n575,n575,OTU7575,2,0,0,0.001806,14,0.131032,0.15276,333,37,24,1.940242,Others
n576,n576,OTU9603,2,0,0,0.001498,18,0.094377,0.107698,664,39,65,1.919289,M3
n577,n577,OTU8828,5,0.4,4,0.019943,13,0.164694,0.208464,546.652414,55,95,4.826922,Others
n578,n578,OTU3721,1,0,0,0.000742,5,0.3,0.413889,0,51,138,0.95,Others
n579,n579,OTU5527,1,0,0,0.000607,1,1,1,0,115,139,0.953269,Others
n580,n580,OTU9830,1,0,0,0.000607,1,1,1,0,116,140,0.978945,Others
n581,n581,OTU10622,5,0.4,4,0.006534,14,0.133068,0.162827,1553.683333,43,81,4.832209,Others
n582,n582,OTU2913,1,0,0,0.000729,2,0.666667,0.75,0,117,141,0.979088,Others
n583,n583,OTU9247,1,0,0,0.001005,4,0.380952,0.458333,0,60,46,0.948753,Others
n584,n584,OTU8955,3,0,0,0.002182,3,0.5,0.625,13,60,46,2.848141,Others
n585,n585,OTU5985,1,0,0,0.000607,1,1,1,0,118,142,0.97479,Others
n586,n586,OTU9488,1,0,0,0.000607,1,1,1,0,119,143,0.953983,Others
n587,n587,OTU9845,5,0.4,4,0.007077,13,0.153281,0.188253,4273.848801,43,81,4.795334,Others
n588,n588,OTU9246,1,0,0,0.000607,1,1,1,0,120,144,0.953983,Others
n589,n589,OTU8434,1,0,0,0.000607,1,1,1,0,121,145,0.970588,Others
n590,n590,OTU8627,2,1,1,0.001511,1,1,1,0,122,146,1.953983,Others
n591,n591,OTU9591,7,0.714286,15,0.012736,18,0.103534,0.133509,176.183333,19,9,6.786488,Others
n592,n592,OTU10980,1,0,0,0.000607,1,1,1,0,123,147,0.966421,Others
n593,n593,OTU10698,24,0.57971,160,0.814402,11,0.213828,0.30096,1277.772804,72,154,23.160554,M1
n594,n594,OTU8835,27,0.603989,212,0.939574,11,0.210726,0.305546,588.659299,72,4,26.2731,M1
n595,n595,OTU1497,1,0,0,0.000607,1,1,1,0,124,148,0.948857,Others
n596,n596,OTU11305,1,0,0,0.000607,1,1,1,0,138,174,0.991632,Others
n597,n597,OTU8982,6,0.333333,5,0.007658,15,0.152233,0.190656,2293.615259,19,56,5.753627,M2
n598,n598,OTU11295,1,0,0,0.000607,1,1,1,0,125,149,0.949613,Others
n599,n599,OTU9489,1,0,0,0.000607,1,1,1,0,126,150,0.962352,Others
n600,n600,OTU9289,3,0.666667,2,0.003177,15,0.117399,0.140745,660.701019,127,87,2.92826,M4
n601,n601,OTU8979,1,0,0,0.000743,7,0.236842,0.334392,0,29,71,0.953983,Others
n602,n602,OTU9063,3,0.333333,1,0.004511,16,0.128759,0.160004,3864,19,56,2.898613,Others
n603,n603,OTU11265,1,0,0,0.00088,4,0.347826,0.427083,0,60,46,0.949613,Others
n604,n604,OTU9306,7,0.285714,6,0.042223,12,0.188914,0.243453,2980.39031,39,36,6.728015,M3
n605,n605,OTU10136,1,0,0,0.000729,2,0.666667,0.75,0,44,27,0.949613,Others
n606,n606,OTU12423,1,0,0,0.000607,1,1,1,0,128,151,0.96624,Others
n607,n607,OTU8676,1,0,0,0.000607,1,1,1,0,46,152,0.978803,Others
n608,n608,OTU9221,1,0,0,0.000607,1,1,1,0,129,153,0.949613,Others
n609,n609,OTU9922,3,0.333333,1,0.010926,13,0.160038,0.195997,664,81,25,2.84756,M1
n610,n610,OTU8325,2,1,1,0.023945,12,0.17542,0.215663,0,81,55,1.933333,Others
n611,n611,OTU10911,2,0,0,0.001362,2,0.75,0.833333,2,139,176,1.911479,Others
n612,n612,OTU8214,8,0.428571,12,0.146962,11,0.207582,0.264446,8018.257035,72,161,7.682233,M2
n613,n613,OTU10627,22,0.463203,107,0.570445,11,0.216883,0.300557,2970.682607,81,96,21.164025,M1
n614,n614,OTU8652,1,0,0,0.000607,1,1,1,0,143,181,0.978945,Others
n615,n615,OTU11123,2,1,1,0.001511,1,1,1,0,26,157,1.957627,Others
n616,n616,OTU8447,4,0.5,3,0.034903,12,0.166584,0.207755,450.903541,72,34,3.829018,Others
n617,n617,OTU11402,2,0,0,0.001717,15,0.122659,0.140534,333,43,36,1.933333,M3
n618,n618,OTU8822,1,0,0,0.000848,14,0.129911,0.147378,0,72,161,0.94958,Others
n619,n619,OTU10723,1,0,0,0.000607,1,1,1,0,11,159,0.966387,Others
n620,n620,OTU8675,4,0.333333,2,0.041805,12,0.173326,0.217685,51.995468,72,161,3.858429,M1
n621,n621,OTU14245,2,1,1,0.001815,6,0.333333,0.475926,0,29,71,1.953604,Others
n622,n622,OTU9203,6,0.333333,5,0.009801,13,0.178801,0.222034,2191.601959,19,16,5.770263,M2
n623,n623,OTU10202,5,0.4,4,0.008453,14,0.149709,0.184611,588.475639,82,94,4.847442,M2
n624,n624,OTU9844,4,0.166667,1,0.005186,14,0.151405,0.182994,898.637397,82,94,3.819731,M2
n625,n625,OTU12127,1,0,0,0.000607,1,1,1,0,130,162,0.94958,Others
n626,n626,OTU8966,1,0,0,0.000607,1,1,1,0,33,163,0.978622,Others
n627,n627,OTU10791,2,1,1,0.00227,2,0.6,0.666667,0,149,117,1.903003,Others
n628,n628,OTU8487,3,0.666667,2,0.003975,14,0.131341,0.155205,99.233333,43,81,2.894777,Others
n629,n629,OTU929,1,0,0,0.000607,1,1,1,0,147,187,0.94958,Others
n630,n630,OTU9249,1,0,0,0.000607,1,1,1,0,131,164,0.983333,Others
n631,n631,OTU9103,1,0,0,0.000729,2,0.666667,0.75,0,132,165,0.974576,Others
n632,n632,OTU8503,3,0.333333,1,0.003141,14,0.131859,0.157144,1320,37,24,2.898755,Others
n633,n633,OTU10816,2,0,0,0.009943,13,0.162372,0.196684,2522.569455,67,79,1.924703,Others
n634,n634,OTU10330,23,0.612648,155,0.780148,11,0.203907,0.2883,1052.792192,72,127,22.302617,M1
n635,n635,OTU10253,1,0,0,0.000729,2,0.666667,0.75,0,140,177,0.953663,Others
n636,n636,OTU11458,3,0,0,0.00261,16,0.116865,0.139545,403.963879,67,17,2.893805,Others
n637,n637,OTU8013,2,0,0,0.001239,1,1,1,1,133,167,1.899289,Others
n638,n638,OTU8131,24,0.57971,160,0.814402,11,0.213828,0.30096,1277.772804,72,29,23.160554,M1
n639,n639,OTU8100,2,0,0,0.001484,2,0.666667,0.75,4,31,33,1.911156,Others
n640,n640,OTU7611,3,0.333333,1,0.002565,15,0.127676,0.149138,333,37,24,2.88129,Others
n641,n641,OTU8833,5,0.3,3,0.006466,15,0.145724,0.182537,6358.94109,19,56,4.778437,M2
n642,n642,OTU9167,1,0,0,0.000607,1,1,1,0,134,168,0.953407,Others
n643,n643,OTU6039,2,0,0,0.003522,14,0.14851,0.177249,333,81,186,1.932318,Others
n644,n644,OTU8260,7,0.666667,14,0.012738,18,0.103566,0.134008,565.966667,19,9,6.783962,Others
n645,n645,OTU2867,2,0,0,0.001556,16,0.115852,0.134228,1320,39,65,1.93234,M3
n646,n646,OTU10789,1,0,0,0.000607,1,1,1,0,15,15,0.949289,Others
n647,n647,OTU69,1,0,0,0.000729,2,0.666667,0.75,0,8,11,0.966387,Others
n648,n648,OTU9949,1,0,0,0.000729,2,0.666667,0.75,0,135,169,0.949376,Others
n649,n649,OTU8878,1,0,0,0.000607,1,1,1,0,136,170,0.966667,Others
n650,n650,OTU9372,1,0,0,0.000742,4,0.4,0.520833,0,31,33,0.95239,Others
n651,n651,OTU9274,2,0,0,0.001484,2,0.666667,0.75,4,22,93,1.899613,Others
n652,n652,OTU8278,11,0.454545,25,0.226381,11,0.189235,0.252618,426.739163,72,34,10.627877,M1
n653,n653,OTU9056,13,0.538462,42,0.32426,11,0.189773,0.25762,390.677127,72,34,12.506755,M1
n654,n654,OTU11420,2,0,0,0.001376,17,0.094886,0.107358,333,37,24,1.919289,Others
n655,n655,OTU9799,1,0,0,0.000607,1,1,1,0,137,173,0.956847,Others
n656,n656,OTU898,1,0,0,0.000607,1,1,1,0,138,174,0.991632,Others
n657,n657,OTU11950,11,0.563636,31,0.246547,12,0.189989,0.254636,599.424224,81,25,10.598411,M1
n658,n658,OTU10096,1,0,0,0.001265,15,0.130062,0.150614,0,39,65,0.966667,M3
n659,n659,OTU11909,2,0,0,0.001362,2,0.75,0.833333,2,139,176,1.932629,Others
n660,n660,OTU4523,2,0,0,0.001239,1,1,1,1,140,177,1.903663,Others
n661,n661,OTU7015,2,0,0,0.01455,11,0.181522,0.217941,153.763694,39,36,1.922939,M3
n662,n662,OTU14451,1,0,0,0.000607,1,1,1,0,141,179,0.958017,Others
n663,n663,OTU10354,1,0,0,0.000607,1,1,1,0,142,180,0.96624,Others
n664,n664,OTU9811,1,0,0,0.000607,1,1,1,0,143,181,0.978945,Others
n665,n665,OTU9914,6,0.466667,7,0.040112,13,0.17137,0.220808,546.45357,55,95,5.806496,Others
n666,n666,OTU9534,4,0.5,3,0.008157,13,0.158369,0.192269,333,73,76,3.874178,M1
n667,n667,OTU4698,4,0.333333,2,0.003832,17,0.114227,0.139297,1157.5,19,56,3.884603,Others
n668,n668,OTU11135,2,0,0,0.003306,14,0.161353,0.191399,285.549886,73,76,1.906774,M3
n669,n669,OTU8629,1,0,0,0.000607,1,1,1,0,144,183,0.953009,Others
n670,n670,OTU8947,2,0,0,0.001861,15,0.117316,0.135627,333,43,81,1.936678,Others
n671,n671,OTU11097,1,0,0,0.000607,1,1,1,0,145,184,0.979088,Others
n672,n672,OTU10925,5,0.2,2,0.015659,12,0.179666,0.219315,2257.271732,19,16,4.803346,M2
n673,n673,OTU9379,1,0,0,0.000607,1,1,1,0,146,185,0.94958,Others
n674,n674,OTU13097,2,0,0,0.001362,2,0.75,0.833333,2,28,58,1.911407,Others
n675,n675,OTU6705,1,0,0,0.000856,15,0.129357,0.147374,0,81,186,0.949187,Others
n676,n676,OTU9510,4,0.166667,1,0.003638,15,0.121853,0.148743,3197.864629,127,87,3.866667,M4
n677,n677,OTU10189,2,1,1,0.001511,1,1,1,0,0,0,1.958176,Others
n678,n678,OTU10230,1,0,0,0.000607,1,1,1,0,147,187,0.94958,Others
n679,n679,OTU9262,1,0,0,0.000607,1,1,1,0,148,188,0.979088,Others
n680,n680,OTU9436,2,1,1,0.001511,1,1,1,0,88,85,1.924684,Others
n681,n681,OTU8841,3,0.666667,2,0.00297,2,0.666667,0.75,0.5,149,117,2.865037,Others
n682,n682,OTU9975,1,0,0,0.000729,2,0.666667,0.75,0,117,141,0.966421,Others
n683,n683,OTU12968,1,0,0,0.000607,1,1,1,0,150,189,0.965966,Others
n684,n684,OTU10960,2,0,0,0.00165,18,0.0934,0.106524,166,82,94,1.940678,Others
n685,n685,OTU13712,1,0,0,0.000895,7,0.264706,0.371429,0,29,71,0.958017,Others
n686,n686,OTU11089,2,0,0,0.001538,19,0.085488,0.09663,0.5,82,94,1.940567,Others
n687,n687,OTU8812,3,0.333333,1,0.004751,14,0.149441,0.182039,1643.097212,67,17,2.923643,Others
